part_id,part_number,part_name,image_id,image_title,image_file_path,association_id
112,A100174,BELT,339,A100174,DB_IMAGES\A100174.png,1
113,A100218,RESISTOR TYPE J 250K-OHM .25 MEG.,954,A100218,DB_IMAGES\A100218.png,2
114,A100219,CONTROL SPEED 15A 120VAC,627,A100219,DB_IMAGES\A100219.png,3
117,A100470,COUPLING COMPRESSIO N  1,888,A100470,DB_IMAGES\A100470.png,4
118,A100473,UNILET 1,74,A100473,DB_IMAGES\A100473.png,5
119,A100474,WASHER REDUCING 1 1/2-1,677,A100474,DB_IMAGES\A100474.png,6
120,A100480,CONDUIT 1 EMT 10 FOOT,238,A100480,DB_IMAGES\A100480.png,7
122,A100761,BELT,1255,A100761,DB_IMAGES\A100761.png,8
123,A100762,BELT,981,A100762,DB_IMAGES\A100762.png,9
124,A100821,REGULATOR PNEUMATIC 1/4,1231,A100821,DB_IMAGES\A100821.png,10
127,A101051,FILTER AIR 24X24X4,1008,A101051,DB_IMAGES\A101051.png,11
128,A102229,GAUGE PRESSURE DIFFERENTL,24,A102229,DB_IMAGES\A102229.png,12
129,A102371,BEARING,67,A102371,DB_IMAGES\A102371.png,13
141,A107034,REGULATOR 0-30 PSI 4000,947,A107034,DB_IMAGES\A107034.png,14
228,A115833,COVER PLATE CLEAR,465,A115833,DB_IMAGES\A115833.png,15
268,A119449,FITTING KIT VIAL PORT,1021,A119449,DB_IMAGES\A119449.png,16
313,A101234,ABRASIVE CLOTH 100 GRIT 50YD X 1,1329,A101234,DB_IMAGES\A101234.png,17
324,A100856,COVER BLANK,206,A100856,DB_IMAGES\A100856.png,18
328,A100847,BOX SQUARE J,275,A100847,DB_IMAGES\A100847.png,19
332,A100475,WASHER REDUCING 1-3/4,656,A100475,DB_IMAGES\A100475.png,20
348,A102227,TUBE PILOT 36X5/16,364,A102227,DB_IMAGES\A102227.png,21
359,A101177,GUN GREASE HAND,356,A101177,DB_IMAGES\A101177.png,22
379,A100606,FILTER AIR 24X24X12 90% ASHRAE,1277,A100606,DB_IMAGES\A100606.png,23
487,A139474,OIL SHELL OMALA S2 G 220,693,A139474,DB_IMAGES\A139474.png,24
497,A100156,BLOCK FUSE 30 AMP 600 VOLT,1161,A100156,DB_IMAGES\A100156.png,25
501,A101640,SUPPRESSOR 120 VAC MAX,413,A101640,DB_IMAGES\A101640.png,26
503,A102057,CONTACTOR RELAY 120 VOLT,580,A102057,DB_IMAGES\A102057.png,27
515,A102553,CHAIN ELEVATOR,449,A102553,DB_IMAGES\A102553.png,28
517,A102562,CAM FOLLOWER,1230,A102562,DB_IMAGES\A102562.png,29
520,A102576,SPROCKET CONVEYOR 1.3125 ID,779,A102576,DB_IMAGES\A102576.png,30
521,A102577,SPROCKET WITH SPECIAL HOLE,158,A102577,DB_IMAGES\A102577.png,31
632,A101402,RELAY 6 POLE 1NO/1NC 1NO/1NC,894,A101402,DB_IMAGES\A101402.png,32
653,A102048,POSITIONER VALVE 6-30 PSI,1210,A102048,DB_IMAGES\A102048.png,33
655,A102084,ACTUATOR PNEUMATIC AIR VALVE W/BRACKET,813,A102084,DB_IMAGES\A102084.png,34
656,A102235,GAUGE PRESSURE 0-100 PSI,28,A102235,DB_IMAGES\A102235.png,35
657,A102245,SOLENOID W/VITON SEALS VALVE,40,A102245,DB_IMAGES\A102245.png,36
658,A102352,CABLE STABILIZED 100 FEET,1053,A102352,DB_IMAGES\A102352.png,37
660,A102369,VALVE RED-HAT 1/4 PIPE 3/32 ORFIC,1019,A102369,DB_IMAGES\A102369.png,38
775,A114163,"TUBING PLASTIC 1/4"" O.D. 250 FT ROL",448,A114163,DB_IMAGES\A114163.png,39
815,A124318,COUPLING SPIDER OIL PUMP,707,A124318,DB_IMAGES\A124318.png,40
940,A101400,RELAY 2 POLE 120V 50H2 2NO,1167,A101400,DB_IMAGES\A101400.png,41
956,A120113,CONTROLLER,273,A120113,DB_IMAGES\A120113.png,42
973,A100836,VALVE STEAM 8,1213,A100836,DB_IMAGES\A100836.png,43
974,A101652,ACTUATOR SIZE 40,17,A101652,DB_IMAGES\A101652.png,44
1003,A130487,BULB FLASHING,78,A130487,DB_IMAGES\A130487.png,45
1006,A100721,SWITCH LESS HEAD HEAVY DUTY,31,A100721,DB_IMAGES\A100721.png,46
1013,A120411,POWER SUPPLY 24 VDC 6.25 AMP,1057,A120411,DB_IMAGES\A120411.png,47
1017,A131139,ANALOG INPUT 8 PT,189,A131139,DB_IMAGES\A131139.png,48
1048,A135742,"WIRE WIRE ROPE 1/2""",534,A135742,DB_IMAGES\A135742.png,49
1051,A136072,BASE RELAY BASE SOCKET IDEC,907,A136072,DB_IMAGES\A136072.png,50
1062,A104129,SWITCH PUSH -PULL BUTTON RED ILLUM.,961,A104129,DB_IMAGES\A104129.png,51
1063,A113235,BREAKER CIRCUIT 5 AMP,955,A113235,DB_IMAGES\A113235.png,52
1065,A121472,BREAKER CHANNEL MNT 4 AMP 1492-GH040,116,A121472,DB_IMAGES\A121472.png,53
1071,A126684,KEY GLUE SHOT D018,450,A126684,DB_IMAGES\A126684.png,54
1106,A100943,RELAY CLASS 8501 120V/60HZ,1048,A100943,DB_IMAGES\A100943.png,55
1107,A102270,"VALVE BALL 1/2"" BRASS BODY",1179,A102270,DB_IMAGES\A102270.png,56
1161,A123184,REMOTE BASE CONTROLLER,201,A123184,DB_IMAGES\A123184.png,57
1164,A124244,BASE 16 SLOT 505 TI,265,A124244,DB_IMAGES\A124244.jpg,58
1221,A118214,METER POTENTIO,180,A118214,DB_IMAGES\A118214.png,59
1225,A100582,SEAL OIL 210X240X15,134,A100582,DB_IMAGES\A100582.png,60
1226,A100583,SEAL OIL 90X110X12,156,A100583,DB_IMAGES\A100583.png,61
1227,A100584,SEAL OIL 45X62X8,10,A100584,DB_IMAGES\A100584.png,62
1228,A100585,SEAL OIL 55X72X8,876,A100585,DB_IMAGES\A100585.png,63
1229,A102272,"VALVE BALL 1"" 150 PSI",406,A102272,DB_IMAGES\A102272.png,64
1336,A100395,HINGE PLAIN,250,A100395,DB_IMAGES\A100395.png,65
1337,A100479,CLAMP BEAM 1/4 TAPPED HOLE,198,A100479,DB_IMAGES\A100479.png,66
1338,A100890,SWITCH MICRO AUTO DOOR,159,A100890,DB_IMAGES\A100890.png,67
1340,A101393,RELAY DELAY TIMER 120VOLT,807,A101393,DB_IMAGES\A101393.png,68
1341,A102476,LINK CONNECTING CHAIN #50,778,A102476,DB_IMAGES\A102476.png,69
1343,A103286,HOOK BELT CLIPPER #2 GALVANIZED,91,A103286,DB_IMAGES\A103286.png,70
1350,A110590,"DOOR STOP 2""",671,A110590,DB_IMAGES\A110590.png,71
1358,A114215,SWITCH STRIP,1070,A114215,DB_IMAGES\A114215.png,72
1359,A114216,TERMINAL SET,1269,A114216,DB_IMAGES\A114216.png,73
1366,A115415,SWITCH MICRO MAGNETIC CONTACT,216,A115415,DB_IMAGES\A115415.png,74
1419,A100210,PAINT GALVANIZED SPRAY Z R C,1244,A100210,DB_IMAGES\A100210.png,75
1420,A100792,VALVE SWEAT BRASS 3/4,1355,A100792,DB_IMAGES\A100792.png,76
1421,A100991,"ELECTRODE 2% THOR TUNGSTEN 3/32 X 7""",62,A100991,DB_IMAGES\A100991.png,77
1422,A101609,TAPE TEFLON 1/2 WIDE 1/2 X 520,1245,A101609,DB_IMAGES\A101609.png,78
1424,A101797,CHAIN SIZE 3 SST 3/32 DIA.,973,A101797,DB_IMAGES\A101797.png,79
1425,A102375,"CONDUIT FLEX FLUIDTIGHT 1/2""",754,A102375,DB_IMAGES\A102375.png,80
1431,A103819,CHAIN ROLLER # 50,1105,A103819,DB_IMAGES\A103819.png,81
1443,A110639,VALVE SOAP HORIZONTAL,1242,A110639,DB_IMAGES\A110639.png,82
1463,A114536,"CABLE AIRCRAFT 1/8"" 7X19 FIRE DOORS",1374,A114536,DB_IMAGES\A114536.png,83
1498,A101426,VALVE SAMPLE OFCA CHROME,687,A101426,DB_IMAGES\A101426.png,84
1514,A102253,"CLAMP 1 1/2"" OD",239,A102253,DB_IMAGES\A102253.png,85
1541,A100332,BREAKER CIRCUIT 20 AMP BOLT IN,713,A100332,DB_IMAGES\A100332.png,86
1542,A100358,FUSE 1 AMP 250 VOLTS FNM,522,A100358,DB_IMAGES\A100358.png,87
1543,A100758,NIPPLE 1/2 CLOSE CONDUIT,487,A100758,DB_IMAGES\A100758.png,88
1544,A100839,FUSE 3 2/10 AMP 250 VOLT FNM,1373,A100839,DB_IMAGES\A100839.png,89
1545,A100844,CONDUIT 1/2 EMT 10 FOOT,246,A100844,DB_IMAGES\A100844.png,90
1546,A100848,J-BOX OCTAGON 4,22,A100848,DB_IMAGES\A100848.png,91
1547,A100849,COVER 4 ROUND,655,A100849,DB_IMAGES\A100849.png,92
1548,A100851,FITTING NIPPLE CHASE 1/2,1065,A100851,DB_IMAGES\A100851.png,93
1549,A101052,PLUG MALE 125V 15A,328,A101052,DB_IMAGES\A101052.png,94
1550,A101053,PLUG FEMALE 125V 15A,685,A101053,DB_IMAGES\A101053.png,95
1552,A101196,TAPE ELECTRIC VINYL 3/4  WIDE,725,A101196,DB_IMAGES\A101196.png,96
1553,A101670,SEAL KNOCKOUT 1/2 INCH,734,A101670,DB_IMAGES\A101670.png,97
1554,A101671,SEAL KNOCKOUT 3/4 INCH,1150,A101671,DB_IMAGES\A101671.png,98
1664,A114018,CLIP ALLIGATOR INSULATED BARREL,309,A114018,DB_IMAGES\A114018.png,99
1690,A116215,LIGHT DOCK BRAKEAWAY HINGE,1321,A116215,DB_IMAGES\A116215.png,100
1703,A117016,"CLAMP CABLE NYLON 3/8"" WHITE",749,A117016,DB_IMAGES\A117016.png,101
1706,A118519,SEAL HOLE OIL TIGHT MINIATURE,859,A118519,DB_IMAGES\A118519.png,102
1728,A100080,CLIP FUSE,417,A100080,DB_IMAGES\A100080.png,103
1729,A100158,CRANK SERIES 225 RAYTHEON 1/4 SHAFT,260,A100158,DB_IMAGES\A100158.png,104
1730,A100258,CLAMP HOLD DOWN,615,A100258,DB_IMAGES\A100258.png,105
1731,A100259,CLAMP BOARD,1275,A100259,DB_IMAGES\A100259.png,106
1732,A100301,BUSHING G-3/4 BORE 3/16X3/32,665,A100301,DB_IMAGES\A100301.png,107
1733,A100302,PULLEY GEAR BELT,1335,A100302,DB_IMAGES\A100302.png,108
1734,A100303,BUSHING H3/4 BORE,556,A100303,DB_IMAGES\A100303.png,109
1735,A100304,BELT GEAR 1 INCH THK,738,A100304,DB_IMAGES\A100304.png,110
1736,A100465,CYLINDER SIZE 2X2 TYPE A-BC,821,A100465,DB_IMAGES\A100465.png,111
1737,A100466,CYLINDER,1362,A100466,DB_IMAGES\A100466.png,112
1738,A100538,SWITCH ROTATING 7 POSITION,252,A100538,DB_IMAGES\A100538.png,113
1739,A100569,FUSE 1 1/4 AMP 600 VOLT FRS-R,84,A100569,DB_IMAGES\A100569.png,114
1740,A100587,RELAY 19VAC 10 AMP 28VDC,895,A100587,DB_IMAGES\A100587.png,115
1743,A100675,KIT REPAIR REGULATOR,399,A100675,DB_IMAGES\A100675.png,116
1744,A101041,GLASS OILER GLASS 1/4X411/16,1243,A101041,DB_IMAGES\A101041.png,117
1745,A101068,COUPLER BODY AIR FEMALE,360,A101068,DB_IMAGES\A101068.png,118
1746,A101460,COMPOUND ANTI-SEIZE WHITE (APPROVED),1001,A101460,DB_IMAGES\A101460.png,119
1748,A101680,RESISTOR 50 WATT 25 OHM 1%,1278,A101680,DB_IMAGES\A101680.png,120
1749,A101714,"TRANSFORMR 8V,16V,24V",388,A101714,DB_IMAGES\A101714.png,121
1750,A101715,BUZZER PULSE,626,A101715,DB_IMAGES\A101715.png,122
1751,A101716,RELAY TIME DELAY 10A .01-10 SEC,1343,A101716,DB_IMAGES\A101716.png,123
1752,A101718,TRANSFORMR VARIABLE,185,A101718,DB_IMAGES\A101718.png,124
1753,A101749,BEARING LINEAR BALL,1340,A101749,DB_IMAGES\A101749.png,125
1754,A101752,SEAL FOR K-1800,340,A101752,DB_IMAGES\A101752.png,126
1755,A101950,VALVE SOLENOID 1/2,1136,A101950,DB_IMAGES\A101950.png,127
1756,A102311,SWITCH LIMIT,1118,A102311,DB_IMAGES\A102311.png,128
1760,A103402,REGULATOR PRESSURE,154,A103402,DB_IMAGES\A103402.png,129
1761,A103403,SWITCH 10 SELECTOR,641,A103403,DB_IMAGES\A103403.png,130
1765,A103413,"PULLEY 18 TEETH 1/5 PITCH 3/8""BORE",1257,A103413,DB_IMAGES\A103413.png,131
1786,A103491,SPROCKET 26 TOOTH 1.376BORE,1035,A103491,DB_IMAGES\A103491.png,132
1788,A103494,IDLER,837,A103494,DB_IMAGES\A103494.png,133
1802,A103738,BASE RELAY SOCKET OCTAL,912,A103738,DB_IMAGES\A103738.png,134
2015,A111391,BREAKER 15A,19,A111391,DB_IMAGES\A111391.png,135
2031,A113488,INSERT 3/8-16 E-Z LOK SST,332,A113488,DB_IMAGES\A113488.png,136
2057,A114794,EYE PHOTO SENSOR,1254,A114794,DB_IMAGES\A114794.png,137
2075,A115338,INSERT 1/4-20 SST TYPE 303,1229,A115338,DB_IMAGES\A115338.png,138
2106,A116553,SUPPLY POWER VIBRATOR BAG FAB,64,A116553,DB_IMAGES\A116553.png,139
2157,A117944,MODULE LOGIC,864,A117944,DB_IMAGES\A117944.png,140
2213,A120744,FILTER .003 MICRO 3/8 INCH (CARD REQ),856,A120744,DB_IMAGES\A120744.png,141
2220,A121052,"TUBING POLYFLO 3/8""X1/4 100 /ROLL",764,A121052,DB_IMAGES\A121052.png,142
2232,A121355,TCAM CONTROLLER 5250-TI5,1190,A121355,DB_IMAGES\A121355.png,143
2354,A124316,VALVE FLOW CONTROL 1/4,165,A124316,DB_IMAGES\A124316.png,144
2355,A124468,SWITCH REED FESTO,65,A124468,DB_IMAGES\A124468.png,145
2392,A127150,CUP VACUUM PLATE SUCTION,968,A127150,DB_IMAGES\A127150.jpg,146
2451,A133518,ANALOG INPUT CARD 8-PT,560,A133518,DB_IMAGES\A133518.png,147
2456,A133664,RETAINER SNAP RING TTP SPOOL,1358,A133664,DB_IMAGES\A133664.png,148
2462,A133683,"PIN 50/PACK 1/4""-3/8"" .080"" 18/8",501,A133683,DB_IMAGES\A133683.png,149
2463,A133684,"WASHER 1-1/2""OD 9/32""ID SST 50/PK",349,A133684,DB_IMAGES\A133684.png,150
2476,A134794,TUBE COPPER 3/16,485,A134794,DB_IMAGES\A134794.png,151
2482,A136280,RESISTOR ENCODER,511,A136280,DB_IMAGES\A136280.png,152
2560,A138896,"BOLT SHOULDER 10-24 18-8 2-3/4""L",352,A138896,DB_IMAGES\A138896.png,153
2635,A141816,HMI SIEMENS PC HMI FABS,798,A141816,DB_IMAGES\A141816.png,154
2688,A115412,SWITCH KEY RESET,844,A115412,DB_IMAGES\A115412.png,155
2691,A132997,MODULE 32-POINT UNIVERSAL INPUT,333,A132997,DB_IMAGES\A132997.png,156
2738,A135544,CONTROLLER PROCESSOR CPU,1157,A135544,DB_IMAGES\A135544.png,157
2799,A101757,BEARING IDLER 1 I.D.,140,A101757,DB_IMAGES\A101757.png,158
2804,A114132,"METER FLOW 40-400SCFH W/1/4""NPT",1140,A114132,DB_IMAGES\A114132.png,159
2807,A121493,RELAY 4 NO CONTACTS 24VDC COIL 700DC-F400Z24,690,A121493,DB_IMAGES\A121493.png,160
2814,A124343,BUTTON CYCLE START AB,422,A124343,DB_IMAGES\A124343.png,161
2838,A125383,SUPPLY POWER LINEAR 5VDC-6AMP,6,A125383,DB_IMAGES\A125383.png,162
2842,A125391,COLLAR THDD,151,A125391,DB_IMAGES\A125391.png,163
2873,A122699,CABLE CONNECTOR,723,A122699,DB_IMAGES\A122699.png,164
2881,A124564,ACTUATOR SOLENOID,1324,A124564,DB_IMAGES\A124564.png,165
2882,A124565,COIL SOLENOID,1045,A124565,DB_IMAGES\A124565.png,166
2978,A123215,COUNTER,50,A123215,DB_IMAGES\A123215.png,167
2993,A132993,SUPPLY POWER 75 WATT,1102,A132993,DB_IMAGES\A132993.png,168
3008,A141144,COUNTER MODULE HIGH-SPEED 2 CHANNEL,992,A141144,DB_IMAGES\A141144.png,169
3047,A138601,COVER RED SILICONE,529,A138601,DB_IMAGES\A138601.png,170
3058,A101676,CYLINDER AIR,451,A101676,DB_IMAGES\A101676.png,171
3059,A101695,COLLAR SPLIT 1 I.D. SST.,1305,A101695,DB_IMAGES\A101695.png,172
3060,A101750,BEARING LINEAR BALL,1183,A101750,DB_IMAGES\A101750.png,173
3076,A110178,"TUBING FEP  NATRL 5/8 "" ID 11/16"" OD",879,A110178,DB_IMAGES\A110178.png,174
3090,A113806,PIN QUICK-REL. SST PUSHBUTTON,883,A113806,DB_IMAGES\A113806.png,175
3096,A114987,KIT REBUILD ACTUATOR 361/262,1177,A114987,DB_IMAGES\A114987.png,176
3099,A115902,POT 2 WATT 10K OHMS,131,A115902,DB_IMAGES\A115902.png,177
3182,A126404,FITTING VALVE AIR,761,A126404,DB_IMAGES\A126404.png,178
3219,A133062,DETENT NYLON BALL,578,A133062,DB_IMAGES\A133062.png,179
3220,A133063,SCREW NYLON TIP SET SCREW 25 PER PKG,1314,A133063,DB_IMAGES\A133063.png,180
3370,A118219,CUTTER PLASTIC TUBE,521,A118219,DB_IMAGES\A118219.png,181
3387,A101397,SWITCH PUSHBUTTON FLUSH HEAD GREEN,978,A101397,DB_IMAGES\A101397.png,182
3388,A101399,LIGHT ASSEMBLY TRANSFORMR RED CAP,735,A101399,DB_IMAGES\A101399.png,183
3399,A123891,CONTROL FLOW ELBOW 10-32 03,790,A123891,DB_IMAGES\A123891.png,184
3426,A101677,CYLINDER AIR,1252,A101677,DB_IMAGES\A101677.png,185
3434,A113229,REGULATOR,404,A113229,DB_IMAGES\A113229.png,186
3496,A142470,BRAKE MOTOR J5 J6,861,A142470,DB_IMAGES\A142470.png,187
3497,A142471,BRAKE BETAISR 1/ 6000 MTR,765,A142471,DB_IMAGES\A142471.png,188
3498,A142472,BRAKE MOTOR BISR 0.4/6000 RAKE,923,A142472,DB_IMAGES\A142472.png,189
3500,A142481,BELT J6 XGMF-25169,430,A142481,DB_IMAGES\A142481.png,190
3505,A123349,SOCKET RELAY 8 PIN DN RAIL,1018,A123349,DB_IMAGES\A123349.png,191
3544,A133920,FILTER,1025,A133920,DB_IMAGES\A133920.png,192
3621,A142480,BELT J5 XGMF-25168,1081,A142480,DB_IMAGES\A142480.png,193
3622,A142482,BELT J3 XGMF-25170,816,A142482,DB_IMAGES\A142482.png,194
3774,A127383,CYLINDER DRUM LOWER BAG SUPPORT,1009,A127383,DB_IMAGES\A127383.png,195
3775,A127384,GUIDE DRUM LOWER BAG SUPPORT,249,A127384,DB_IMAGES\A127384.png,196
3810,A131854,PHOTO SENSOR KEYENCE,800,A131854,DB_IMAGES\A131854.png,197
3893,A100294,BUSHING 1/2 ID,281,A100294,DB_IMAGES\A100294.png,198
3894,A100300,PULLEY GEAR BELT,592,A100300,DB_IMAGES\A100300.png,199
3896,A101717,TRANSFORMR VARIABLE 120V IN 0-140V OUT,532,A101717,DB_IMAGES\A101717.png,200
3897,A101843,"STOCK SST SHIM 6""X 50"" .005 2/PK",834,A101843,DB_IMAGES\A101843.png,201
3898,A102431,TUBING POLY 1/2 X 3/8,686,A102431,DB_IMAGES\A102431.png,202
3918,A111370,BREAKER 10A,21,A111370,DB_IMAGES\A111370.png,203
3923,A114262,BATTERY LITHIUM 3-VOLT ETERNACEL,704,A114262,DB_IMAGES\A114262.png,204
3928,A115154,"TUBING WHITE POLYPRO 1/8""OD",1181,A115154,DB_IMAGES\A115154.png,205
3948,A120830,LAMP CONTACT POLE 7W 24 VOLT,585,A120830,DB_IMAGES\A120830.png,206
3951,A121096,WHEEL FAB STRETCH WRAPPER,732,A121096,DB_IMAGES\A121096.png,207
3971,A122900,BASE,114,A122900,DB_IMAGES\A122900.png,208
4007,A139724,CYLINDER,669,A139724,DB_IMAGES\A139724.png,209
4031,A134730,"SPRING COMPRESION 302SST 20""",910,A134730,DB_IMAGES\A134730.png,210
4051,A100098,SWITCH E-STOP SERIES D,242,A100098,DB_IMAGES\A100098.png,211
4053,A100360,BUSHING FLANGE BRONZE,476,A100360,DB_IMAGES\A100360.png,212
4054,A101395,SWITCH SELECTOR 2 POSITION 2NO/NC,1098,A101395,DB_IMAGES\A101395.png,213
4055,A103401,VALVE QUICK EXHAUST,830,A103401,DB_IMAGES\A103401.png,214
4067,A110864,KNOB E-STOP,1024,A110864,DB_IMAGES\A110864.png,215
4079,A121729,LUBRICANT SUPER LUBE 14.5 OZ.,410,A121729,DB_IMAGES\A121729.png,216
4105,A133497,DRIVE 10 AMP MAIN MACHINE,197,A133497,DB_IMAGES\A133497.png,217
4106,A133498,MOTOR SERVO W/BRAKE,1249,A133498,DB_IMAGES\A133498.png,218
4116,A128737,RELAY HIGH POWER ADEPT DC24V,1226,A128737,DB_IMAGES\A128737.png,219
4117,A129928,CONNECTOR ELECTRICAL MALE,727,A129928,DB_IMAGES\A129928.png,220
4127,A133156,"BOLT SHOULDER 18-8 SST 1/4""THREAD",520,A133156,DB_IMAGES\A133156.png,221
4128,A133157,"BOLT SHOULDER 18-8 SST 5/16""THRED",635,A133157,DB_IMAGES\A133157.png,222
4377,A100731,PULLEY GROOVED,427,A100731,DB_IMAGES\A100731.png,223
4394,A113236,RELAY CONTROL 8 POLE,1112,A113236,DB_IMAGES\A113236.png,224
4451,A131037,COUPLING FLEXIBLE,262,A131037,DB_IMAGES\A131037.png,225
4512,A133140,BELT CHECKWEIGH FINISH 927MM,353,A133140,DB_IMAGES\A133140.png,226
4585,A140247,BREAKER 3 POLE 16 AMP,229,A140247,DB_IMAGES\A140247.png,227
4702,A133408,SPACER,698,A133408,DB_IMAGES\A133408.png,228
4870,A137898,ENCODER FANUC ROBOT LINE TRK,117,A137898,DB_IMAGES\A137898.png,229
4875,A141198,CARD CPU  64MB DRAM,1022,A141198,DB_IMAGES\A141198.png,230
4876,A141199,CARD 6-AXIS SERVO,755,A141199,DB_IMAGES\A141199.png,231
4877,A141201,BOARD MAIN  FOR R30IB CONTROLLER,893,A141201,DB_IMAGES\A141201.png,232
4883,A141209,PENDANT TOUCH PANEL I-PENDANT,1316,A141209,DB_IMAGES\A141209.png,233
4884,A141210,AMPLIFIER SERVO  R30IB MATE,951,A141210,DB_IMAGES\A141210.png,234
4885,A141211,FUSE CPU/SERVO AMP,869,A141211,DB_IMAGES\A141211.png,235
4886,A141212,FUSE E-STOP UNIT,37,A141212,DB_IMAGES\A141212.png,236
4887,A141213,FUSE E-STOP,186,A141213,DB_IMAGES\A141213.png,237
4888,A141214,FUSE 3.2A  CLEAR W/ BLACK BASE,1383,A141214,DB_IMAGES\A141214.png,238
4889,A141215,FUSE 5A  LM50C,217,A141215,DB_IMAGES\A141215.png,239
4890,A141216,FUSE 1A  LM10C,1320,A141216,DB_IMAGES\A141216.png,240
4891,A141217,FUSE 2A,36,A141217,DB_IMAGES\A141217.png,241
4904,A132335,SWITCH DOOR INTERLOCK SAFETY,39,A132335,DB_IMAGES\A132335.png,242
4925,A100085,BEARING TYPE ROLLR TAPER BALL,395,A100085,DB_IMAGES\A100085.png,243
4998,A129192,NOZZLE BLOW GUN BLOW FILM,76,A129192,DB_IMAGES\A129192.png,244
5053,A132747,"INSERT 5/16"" THREADED MCMASTER",916,A132747,DB_IMAGES\A132747.png,245
5058,A132755,BEARING ROD END 1/2 X 20 FEMALE,549,A132755,DB_IMAGES\A132755.png,246
5059,A132756,BEARING ROD END 3/8 X 24 FEMALE,177,A132756,DB_IMAGES\A132756.png,247
5112,A134813,SPRING BAG CLAMP SHORT 5 PER PKG,1010,A134813,DB_IMAGES\A134813.png,248
5113,A134814,SPRING BAG CLAMP LONG 5 PER PKG,163,A134814,DB_IMAGES\A134814.png,249
5124,A101474,SENSOR AIR DEW PT SYS COMPRESSED,1058,A101474,DB_IMAGES\A101474.png,250
5125,A101681,SWITCH PC OPERATOR TWO BUTTON,886,A101681,DB_IMAGES\A101681.png,251
5127,A102260,REGULATOR PRESSURE FILTER,1224,A102260,DB_IMAGES\A102260.png,252
5148,A114925,FILTER CARTRIDGE WATER,1327,A114925,DB_IMAGES\A114925.png,253
5157,A100685,LINK MASTER 1/2   OFFSET   CHAIN,1326,A100685,DB_IMAGES\A100685.png,254
5158,A100686,LINK MASTER COTT. TYPE CONNECTING,817,A100686,DB_IMAGES\A100686.png,255
5159,A101398,RELAY 4 POLE 4NO 12OV 6OHZ,1237,A101398,DB_IMAGES\A101398.png,256
5162,A105332,INDICATOR TORQUE 0-5VDC OUT,1217,A105332,DB_IMAGES\A105332.png,257
5163,A105333,TRANSDUCER SENSOR TORQUE,1220,A105333,DB_IMAGES\A105333.png,258
5218,A133069,POWER SUPPLY 20AMP,957,A133069,DB_IMAGES\A133069.png,259
5226,A101762,CUP VACUUM BELLOW,1311,A101762,DB_IMAGES\A101762.png,260
5234,A125781,FUSE LOW PEAK,187,A125781,DB_IMAGES\A125781.png,261
5452,A114464,LACING BELT HOOKS CLIPPER #1,1039,A114464,DB_IMAGES\A114464.png,262
5468,A117682,"FLEXDUCT 4"" PVC",639,A117682,DB_IMAGES\A117682.png,263
5481,A121496,LIGHT ASSEMBLY CLEAR,166,A121496,DB_IMAGES\A121496.png,264
5532,A102554,CHAIN #40 ANSI 304SS,576,A102554,DB_IMAGES\A102554.png,265
5590,A103288,HOOK BELT CLIPPER NO.3  SS,95,A103288,DB_IMAGES\A103288.png,266
5652,A132917,BEARING ADEPT SIX TOOLING,155,A132917,DB_IMAGES\A132917.png,267
5711,A103841,SPROCKET INTERMED. TRANSITION SST -1  PB,358,A103841,DB_IMAGES\A103841.png,268
5734,A101042,GAUGE OIL LEVEL 3/8X4 9/16,853,A101042,DB_IMAGES\A101042.png,269
5745,A107035,REGULATOR AIR 0-150,1285,A107035,DB_IMAGES\A107035.png,270
5996,A125302,BREAKER CIRCUIT 20 AMP,23,A125302,DB_IMAGES\A125302.png,271
6058,A129116,"PIN DETENT 5/16"" X 1"" S.S.",1127,A129116,DB_IMAGES\A129116.png,272
6114,A100529,SEAL OIL FOR 7513,377,A100529,DB_IMAGES\A100529.png,273
6115,A103290,HOOK BELT CLIPPER NO.4  SS,502,A103290,DB_IMAGES\A103290.png,274
6203,A100614,SPROCKET STANDARD OMNI-GRID,1215,A100614,DB_IMAGES\A100614.png,275
6232,A124276,"SPROCKET 3.5"" 11T 1""SQ BORE NAT ACETAL",308,A124276,DB_IMAGES\A124276.png,276
6252,A134327,"COUPLING HALF 1""NPT SS",470,A134327,DB_IMAGES\A134327.png,277
6294,A102364,"BEARING (W/.061"" SNAP RING GROOVE)",974,A102364,DB_IMAGES\A102364.png,278
6295,A102365,BEARING,909,A102365,DB_IMAGES\A102365.png,279
6303,A118342,SWITCH FOOT,93,A118342,DB_IMAGES\A118342.png,280
6350,A128484,"BEARING 1"" 2 BOLT FLANGE",673,A128484,DB_IMAGES\A128484.png,281
6455,A135704,DRIVE 220 1PHASE 230 3PHASE 1/2 HP,751,A135704,DB_IMAGES\A135704.png,282
6456,A135705,PANEL OPERATOR INTERFACE G110,709,A135705,DB_IMAGES\A135705.png,283
6459,A124962,ASSEMBLY SPINDLE ADAPTER DRIVE,753,A124962,DB_IMAGES\A124962.png,284
6540,A128052,BEARING DRIVE SPINDLE,967,A128052,DB_IMAGES\A128052.png,285
6643,A132462,BELT 8MM PITCH 30MM WIDE 1200MM LG,678,A132462,DB_IMAGES\A132462.png,286
6644,A112385,GAUGE OIL LEVEL,44,A112385,DB_IMAGES\A112385.png,287
6650,A117313,BELT,373,A117313,DB_IMAGES\A117313.png,288
6668,A117311,BELT,1043,A117311,DB_IMAGES\A117311.png,289
6688,A100387,BEARING FMC PICKUP ARM END,83,A100387,DB_IMAGES\A100387.png,290
6840,A137342,SWITCH INDUSTRIAL ETHERNET 8 PORT,98,A137342,DB_IMAGES\A137342.png,291
6851,A121504,BREAKER 7 AMP,279,A121504,DB_IMAGES\A121504.png,292
6901,A100537,LATCH DOOR CHROME PLATED,663,A100537,DB_IMAGES\A100537.png,293
6915,A137798,KEYBOARD NEMA 4X 24 F KEY WITH-MOUSE,401,A137798,DB_IMAGES\A137798.png,294
6943,A121879,PUSHBUTTON UNIVERSAL NON-ILLUM,975,A121879,DB_IMAGES\A121879.png,295
6964,A122485,BEZEL,192,A122485,DB_IMAGES\A122485.png,296
6965,A123379,TIWAY 1 NETWORK INTERFACE 505-7339,708,A123379,DB_IMAGES\A123379.png,297
6968,A121468,PEERLINK MODULE TI 505,1166,A121468,DB_IMAGES\A121468.png,298
7014,A140464,COUPLING SPIDER ELEMENT,366,A140464,DB_IMAGES\A140464.png,299
7039,A101745,BEARING CAM FOLLOWER 1-1/8,1078,A101745,DB_IMAGES\A101745.png,300
7041,A101767,VALVE 110 VOLT 60 CY,646,A101767,DB_IMAGES\A101767.png,301
7075,A121524,"BEARING FLANGE 2 BOLT 1"" BORE",575,A121524,DB_IMAGES\A121524.png,302
7119,A102067,CONTACTOR RELAY,1334,A102067,DB_IMAGES\A102067.png,303
7144,A119523,BEARING ROBO CASTER,409,A119523,DB_IMAGES\A119523.png,304
7326,A120839,LENS UNIT ORANGE 24V,672,A120839,DB_IMAGES\A120839.png,305
7364,A121480,HOSE BARB 11750-2,952,A121480,DB_IMAGES\A121480.png,306
7365,A121502,SWITCH LIMIT MINI-PLS,788,A121502,DB_IMAGES\A121502.png,307
7366,A121503,MODULE RESOLVER FLANGE MOUNT,632,A121503,DB_IMAGES\A121503.png,308
7367,A121510,SOCKET RELAY 11 PIN (CIRCULAR),571,A121510,DB_IMAGES\A121510.png,309
7406,A122188,GRIPPER ROBOHAND ANGULAR,287,A122188,DB_IMAGES\A122188.png,310
7464,A123871,CABLE FIBER OPTIC,536,A123871,DB_IMAGES\A123871.png,311
7593,A126514,FILTER EMFLON II VENT CARD REQ,496,A126514,DB_IMAGES\A126514.png,312
7647,A133545,GROMMET RUBBER PK=25,1051,A133545,DB_IMAGES\A133545.png,313
7648,A133546,GROMMET RUBBER PKG=25,629,A133546,DB_IMAGES\A133546.png,314
7692,A136914,PLUNGER SPRING FOR COLPITT,1361,A136914,DB_IMAGES\A136914.png,315
7776,A104021,RELAY HOT STAMP IV IRRIG. 60 HZ,299,A104021,DB_IMAGES\A104021.png,316
7795,A120827,LENS UNIT RED,321,A120827,DB_IMAGES\A120827.png,317
7798,A121266,PULL-RING RETRACTABL PLUNGER,435,A121266,DB_IMAGES\A121266.png,318
7802,A122161,COUPLING ANTI-BACKL ASH   1/2X 5/16X1.312,88,A122161,DB_IMAGES\A122161.png,319
7805,A123065,TUBING GRIPPER PNEUMATIC FLEX-PINK,92,A123065,DB_IMAGES\A123065.png,320
7806,A123066,TUBING GRIPPER PNEUMATIC FLEXYELLOW,987,A123066,DB_IMAGES\A123066.png,321
7807,A123067,TUBING GRIPPER PNEUMATIC FLEXORANGE,232,A123067,DB_IMAGES\A123067.png,322
7808,A123212,MODULE INPUT,323,A123212,DB_IMAGES\A123212.png,323
7809,A123213,MODULE OUTPUT,514,A123213,DB_IMAGES\A123213.png,324
7987,A100068,GAUGE 0-60 PSI,841,A100068,DB_IMAGES\A100068.png,325
7988,A100326,CHIP EPROM CMOS,90,A100326,DB_IMAGES\A100326.png,326
7989,A100389,BEARING BOOSTER,692,A100389,DB_IMAGES\A100389.png,327
7990,A100394,VALVE GATE 1 1/2,1350,A100394,DB_IMAGES\A100394.png,328
7991,A100563,VALVE BALL CARBON STEEL,499,A100563,DB_IMAGES\A100563.png,329
7993,A100666,HOSE 200 PSI WP 1 .,196,A100666,DB_IMAGES\A100666.png,330
7994,A100724,INDICATOR RATE MAXJR TACH 1,164,A100724,DB_IMAGES\A100724.png,331
7995,A100766,VITON 1/4 IN DIA 70D,720,A100766,DB_IMAGES\A100766.png,332
7996,A100791,VALVE SWEAT BRASS 1/2,1281,A100791,DB_IMAGES\A100791.png,333
7997,A100793,VALVE SWEAT 1,1075,A100793,DB_IMAGES\A100793.png,334
7998,A100828,REDUCER SPEED 1/1ST,168,A100828,DB_IMAGES\A100828.png,335
7999,A100829,PIN CARRIER LATCH,318,A100829,DB_IMAGES\A100829.png,336
8000,A100831,BUSHING FLANGE CHAINGUIDE,386,A100831,DB_IMAGES\A100831.png,337
8001,A100868,WASHER GUIDE,397,A100868,DB_IMAGES\A100868.png,338
8002,A100870,BUSHING FLANGE,1263,A100870,DB_IMAGES\A100870.png,339
8003,A100915,CUP OIL FEED,1375,A100915,DB_IMAGES\A100915.png,340
8004,A100922,SPRING CARRIER DOOR HINGE SHAVED ROD,796,A100922,DB_IMAGES\A100922.png,341
8005,A100952,LAMP GREEN 12V,459,A100952,DB_IMAGES\A100952.png,342
8006,A100953,LAMP RED 12V,795,A100953,DB_IMAGES\A100953.png,343
8007,A100972,GUIDE CHAIN ROLLER ASSEMBLY,1174,A100972,DB_IMAGES\A100972.png,344
8010,A101651,ACTUATOR SIZE 40,1238,A101651,DB_IMAGES\A101651.png,345
8011,A101653,ACTUATOR SIZE 20,658,A101653,DB_IMAGES\A101653.png,346
8012,A101659,TRANSMITTR SMART DIFFERENTL PRESSURE,611,A101659,DB_IMAGES\A101659.png,347
8013,A101682,DIAPHRAGM  BUNA ELASTOMER,96,A101682,DB_IMAGES\A101682.png,348
8014,A101693,BLOCK CONTACT,376,A101693,DB_IMAGES\A101693.png,349
8015,A101694,LAMP MINIATURE 24 VOLT 24 PC,1266,A101694,DB_IMAGES\A101694.png,350
8017,A101753,BEARING 3/4 I.D.,1114,A101753,DB_IMAGES\A101753.png,351
8018,A102066,LAMP FLUORESCNT 20 WATT,125,A102066,DB_IMAGES\A102066.png,352
8019,A102211,SWITCH PRESSURE 100 PSI,482,A102211,DB_IMAGES\A102211.png,353
8021,A102230,TIP STATIC PRES. FOR 3/16 TUBE,936,A102230,DB_IMAGES\A102230.png,354
8022,A102237,GAUGE PRESSURE 0-100 PSI,809,A102237,DB_IMAGES\A102237.png,355
8179,A110734,BEARING DOUBLE SEALS,1267,A110734,DB_IMAGES\A110734.png,356
8248,A111351,THUMBSCREW W/SHOULDER SST,664,A111351,DB_IMAGES\A111351.png,357
8316,A112741,LOCKNUT ELASTIC,1342,A112741,DB_IMAGES\A112741.png,358
8328,A113050,KNOB MAGAZINE FENCE 10-32,999,A113050,DB_IMAGES\A113050.png,359
8331,A113152,PIN QUICK RELEASE,71,A113152,DB_IMAGES\A113152.png,360
8365,A116003,LUBRICANT FLUORO- SILICONE TUBE,222,A116003,DB_IMAGES\A116003.png,361
8416,A116848,CLAMP 3/4 S,1005,A116848,DB_IMAGES\A116848.png,362
8417,A116849,GASKET PTFE 25/BX,170,A116849,DB_IMAGES\A116849.png,363
8477,A119157,COMPOUND NEVER SEIZE ORIGINAL,305,A119157,DB_IMAGES\A119157.png,364
8478,A119163,BATTERY AA LITHIUM,1178,A119163,DB_IMAGES\A119163.png,365
8482,A119408,LATCH SAFETY HOOK,1139,A119408,DB_IMAGES\A119408.png,366
8595,A102341,LUBRICANT CART GREASE,784,A102341,DB_IMAGES\A102341.png,367
8596,A102735,SWITCH FOOT WATERPROOF,426,A102735,DB_IMAGES\A102735.png,368
8643,A101571,FLOAT COLL TOWER FOR VXT,1079,A101571,DB_IMAGES\A101571.png,369
8817,A101825,LUBRICANT OIL DTE 26,193,A101825,DB_IMAGES\A101825.png,370
8946,A100034,GAUGE COMPOUND 100 PSI 30 VAC,897,A100034,DB_IMAGES\A100034.png,371
8947,A101004,VALVE SOLENOID,1076,A101004,DB_IMAGES\A101004.png,372
8949,A101007,VALVE PILOT,899,A101007,DB_IMAGES\A101007.png,373
8950,A101009,SENSOR FLO DI WATER MISC COMPS,649,A101009,DB_IMAGES\A101009.png,374
8951,A101010,METER FLOW ACCUMUFLO,828,A101010,DB_IMAGES\A101010.png,375
8952,A101014,BREAKER CIRCUIT 15 AMP,300,A101014,DB_IMAGES\A101014.png,376
8953,A101016,CELL CONDUCTIVE DI WATER,804,A101016,DB_IMAGES\A101016.png,377
8954,A101386,TUBING SST 10FT 1/4,1233,A101386,DB_IMAGES\A101386.png,378
8955,A101387,TUBING SST 316L 10FT,66,A101387,DB_IMAGES\A101387.png,379
8956,A101391,"TUBING SOFT COPPER 1/2""",1015,A101391,DB_IMAGES\A101391.png,380
8957,A101401,SWITCH PILOT TRANSFORMR GREEN CAP,1100,A101401,DB_IMAGES\A101401.png,381
8958,A101403,TIMER RESET 0-150 MIN.,297,A101403,DB_IMAGES\A101403.png,382
8959,A101404,TIMER CYCL-FLEX 0-150,1116,A101404,DB_IMAGES\A101404.png,383
8964,A101411,GAUGE PRESSURE AIR BRASS,977,A101411,DB_IMAGES\A101411.png,384
8965,A101413,TIMER RESET 0-60 MIN.,662,A101413,DB_IMAGES\A101413.png,385
8966,A101414,TIMER RESET 0-60 MIN.,157,A101414,DB_IMAGES\A101414.png,386
8979,A102036,"ACTUATOR 1/2""",68,A102036,DB_IMAGES\A102036.png,387
8985,A102085,"VALVE 10"" 316 SST E-DISC",284,A102085,DB_IMAGES\A102085.png,388
8986,A102087,ACTUATOR SIZE 30,946,A102087,DB_IMAGES\A102087.png,389
8988,A102089,"DIAPHRAGM EPR BODY 6""   VALVE EPDM",162,A102089,DB_IMAGES\A102089.png,390
8989,A102090,DIAPHRAGM NYLON REINFORCED,267,A102090,DB_IMAGES\A102090.png,391
9012,A102208,CONTROLLER D.C. MOTOR VARI SPEED,625,A102208,DB_IMAGES\A102208.png,392
9013,A102210,SWITCH PRESSURE DIFFERENTL 15 PSI,858,A102210,DB_IMAGES\A102210.png,393
9015,A102242,VALVE PRESSURE CONTROL,569,A102242,DB_IMAGES\A102242.png,394
9022,A102427,CONVERTER I/P,247,A102427,DB_IMAGES\A102427.png,395
9023,A102429,TUBING POLY-FLO 1/4 O.D. 1/8  I.D.,745,A102429,DB_IMAGES\A102429.png,396
9151,A101586,BELT DRIVE FOR PAPER TAKE GEAR,1236,A101586,DB_IMAGES\A101586.png,397
9153,A101591,FUSE 1.5 AMP 125 VOLT,378,A101591,DB_IMAGES\A101591.png,398
9154,A101592,FUSE 0.75 AMP 250 VOLT,1235,A101592,DB_IMAGES\A101592.png,399
9201,A100173,BELT,1120,A100173,DB_IMAGES\A100173.png,400
9202,A121167,MOTOR 1/2HP 48Z 1725 RPM,77,A121167,DB_IMAGES\A121167.png,401
9205,A100245,BELT V-BELT,390,A100245,DB_IMAGES\A100245.png,402
9240,A100951,SWITCH ILLUMINATE,1282,A100951,DB_IMAGES\A100951.png,403
9241,A103685,"GASKET FLUORO ELASTOMER 1""",295,A103685,DB_IMAGES\A103685.png,404
9242,A107631,"GASKET FLUORO ELASTOMER 2""",1339,A107631,DB_IMAGES\A107631.png,405
9253,A101555,LEXAN CLEAR 1/4 4X8,1381,A101555,DB_IMAGES\A101555.png,406
9267,A100189,MOTOR 5HP 182JM 2900 RPM ODP,589,A100189,DB_IMAGES\A100189.png,407
9269,A100640,FILTER OIL,276,A100640,DB_IMAGES\A100640.png,408
9270,A100693,O-RING BUNA 116,120,A100693,DB_IMAGES\A100693.png,409
9271,A100694,O-RING BUNA N #123,1299,A100694,DB_IMAGES\A100694.png,410
9272,A100695,O-RING BUNA #125,291,A100695,DB_IMAGES\A100695.png,411
9427,A100188,KIT PUMP REPAIR,179,A100188,DB_IMAGES\A100188.png,412
9428,A100530,REGULATOR TEMP. 1 45-115 DEG,972,A100530,DB_IMAGES\A100530.png,413
9429,A100818,COLLAR HEATING 600W 240V,680,A100818,DB_IMAGES\A100818.png,414
9430,A100861,THERMOCOUP TYPE J DUAL ELEM,647,A100861,DB_IMAGES\A100861.png,415
9436,A107033,GAUGE PRESSURE 0-100 PSI BACK MT,711,A107033,DB_IMAGES\A107033.png,416
9487,A121813,"BRUSH BRASS 4 1/2"" DIAMETER",931,A121813,DB_IMAGES\A121813.png,417
9488,A122223,SHUNT EMPRO 50MV 10 AMP,1322,A122223,DB_IMAGES\A122223.png,418
9543,A131450,SPACER CARRIER RAKE SUPPORT,868,A131450,DB_IMAGES\A131450.png,419
9607,A101945,PUMP CIRCULATE G&L VITON SEAL,630,A101945,DB_IMAGES\A101945.png,420
9614,A121532,BREAKER 2 AMP,101,A121532,DB_IMAGES\A121532.png,421
9664,A116764,"ABSORBENT BOOM 8"" X 2 FT.",1107,A116764,DB_IMAGES\A116764.png,422
9746,A101944,TRANSDUCER PRESSURE 0-10000PSI 6/18,124,A101944,DB_IMAGES\A101944.png,423
9747,A102268,FUSE 5 AMP 250 VOLT FRN 5,513,A102268,DB_IMAGES\A102268.png,424
9751,A109571,"FAN 6"" DIA.",767,A109571,DB_IMAGES\A109571.png,425
9766,A116960,REGULATOR KIT,1073,A116960,DB_IMAGES\A116960.png,426
9835,A106507,SILICONE WHITE RTV SHEET 3FT X 3FTX1/16,887,A106507,DB_IMAGES\A106507.png,427
9838,A111831,PULLEY TIMING BELT,942,A111831,DB_IMAGES\A111831.png,428
9841,A113328,STEM,1013,A113328,DB_IMAGES\A113328.png,429
9850,A121509,ADAPTOR UNILINK HOST,554,A121509,DB_IMAGES\A121509.png,430
9851,A121528,BUTTON PUSH 600V  10A 30MM,607,A121528,DB_IMAGES\A121528.png,431
9852,A121642,RELAY PIN TYPE 24 VDC,1349,A121642,DB_IMAGES\A121642.png,432
9853,A121854,BEARING DUALVEE,312,A121854,DB_IMAGES\A121854.png,433
9854,A121984,BELT CONVEYOR PREFEEDER SHORT,5,A121984,DB_IMAGES\A121984.png,434
9855,A121985,BELT CONVEYOR PREFEEDER INCLINE,1175,A121985,DB_IMAGES\A121985.png,435
9856,A122169,CONNECTOR CORD,688,A122169,DB_IMAGES\A122169.png,436
9857,A122512,CABLE FIBER OPTIC PORT TRACK,964,A122512,DB_IMAGES\A122512.png,437
9864,A123111,TRANSMITTE MASS FLOW,880,A123111,DB_IMAGES\A123111.png,438
9876,A123136,BEARING LINEAR,1145,A123136,DB_IMAGES\A123136.png,439
9896,A123173,SENSOR VACUUM PNP,255,A123173,DB_IMAGES\A123173.png,440
9897,A123175,CONTROLLER MOTOR,610,A123175,DB_IMAGES\A123175.png,441
9932,A123377,MODULE WORD INPUT 8 CHANNEL,471,A123377,DB_IMAGES\A123377.jpg,442
9934,A123381,CORD WATERTIGHT CONNECTOR BULKHEAD,976,A123381,DB_IMAGES\A123381.png,443
9945,A123639,SWITCH OPERATOR ONLY 2 POSITION,1027,A123639,DB_IMAGES\A123639.png,444
9953,A123792,COVER SWITCH LOCKABLE,616,A123792,DB_IMAGES\A123792.png,445
10009,A126513,FILTER EMFLON II VENT CARD REQ,167,A126513,DB_IMAGES\A126513.png,446
10027,A129335,POWER SUPPLY 24V,456,A129335,DB_IMAGES\A129335.png,447
10031,A130323,BELT DRIVE PORT HOPPER,421,A130323,DB_IMAGES\A130323.png,448
10094,A139443,FITTING 90 DEGREE 5/32 OD 10-32 UNF,505,A139443,DB_IMAGES\A139443.png,449
10101,A140446,BELT CONVEYOR PREFEEDER SHORT,61,A140446,DB_IMAGES\A140446.png,450
10108,A141340,SOLENOID FILL STATI PINCH VALVE,457,A141340,DB_IMAGES\A141340.png,451
10116,A142662,WHEEL PORT HOPPER,109,A142662,DB_IMAGES\A142662.png,452
10179,A123405,BELT TIMING,768,A123405,DB_IMAGES\A123405.png,453
10199,A105200,CURTAIN LAMINAR FLOW 4 X7  15 GA PVC,917,A105200,DB_IMAGES\A105200.png,454
10206,A121672,"GASKET VITON 3/4""",313,A121672,DB_IMAGES\A121672.png,455
10207,A122834,CABLE FIBEROPTIC,160,A122834,DB_IMAGES\A122834.png,456
10221,A131360,CLAMP HOSE SST,924,A131360,DB_IMAGES\A131360.png,457
10290,A140925,FILTER SOLVENT STAINLESS STEEL,1261,A140925,DB_IMAGES\A140925.png,458
10299,A134688,BEARING V WHEEL POLY W/O STUD,393,A134688,DB_IMAGES\A134688.png,459
10302,A100571,BUSHING FLANGE,645,A100571,DB_IMAGES\A100571.jpg,460
10303,A100586,SPROCKET DRIVE .750 BORE W/3/16 KYN,1050,A100586,DB_IMAGES\A100586.png,461
10304,A100764,CHIP IC,565,A100764,DB_IMAGES\A100764.png,462
10305,A101178,"HOSE FLEX GREASE  12 ""  1/8 NPT",943,A101178,DB_IMAGES\A101178.png,463
10369,A113147,PIN SST QUICK REL. PUSHBUTTON,871,A113147,DB_IMAGES\A113147.png,464
10376,A114574,BUSHING FLANGED,429,A114574,DB_IMAGES\A114574.png,465
10385,A120895,BEARING SR-8-2RS SEALED SST,852,A120895,DB_IMAGES\A120895.png,466
10394,A122346,SPRING VIAL PORT CARRIER,1011,A122346,DB_IMAGES\A122346.png,467
10396,A125078,TUBING SANITECH 1/4X1/2 SILICONE,306,A125078,DB_IMAGES\A125078.png,468
10420,A104344,"GASKET FLUORO ELASTOMER 4""",1168,A104344,DB_IMAGES\A104344.png,469
10421,A105021,LUBRICANT GREASE CARTRIDGE 14 OZ.,447,A105021,DB_IMAGES\A105021.png,470
10422,A107992,BUSHING FLANGE,1124,A107992,DB_IMAGES\A107992.png,471
10423,A109481,BEARING CAM FOLLOWER,846,A109481,DB_IMAGES\A109481.png,472
10424,A111816,BUSHING FLANGE BRONZE,857,A111816,DB_IMAGES\A111816.png,473
10425,A112902,O-RING VALVE PLUG STEM,314,A112902,DB_IMAGES\A112902.png,474
10426,A116023,ALARM,831,A116023,DB_IMAGES\A116023.png,475
10427,A116308,VALVE 24 VDC,782,A116308,DB_IMAGES\A116308.jpg,476
10428,A116319,RELAY 24 VDC,1163,A116319,DB_IMAGES\A116319.png,477
10429,A116689,PUMP PERISTALT. ALCOHOL,772,A116689,DB_IMAGES\A116689.png,478
10430,A116797,O-RING RED SILICONE,825,A116797,DB_IMAGES\A116797.png,479
10431,A116823,REDUCER SPEED 25:1,1330,A116823,DB_IMAGES\A116823.png,480
10433,A117544,BEARING DOUBLE SEAL,773,A117544,DB_IMAGES\A117544.png,481
10436,A120527,BUSHING NYLINER FLANGE,918,A120527,DB_IMAGES\A120527.png,482
10437,A121485,PUMP SINGLE,1289,A121485,DB_IMAGES\A121485.png,483
10438,A121486,TUBE ADAPTOR KIT,355,A121486,DB_IMAGES\A121486.png,484
10439,A121489,RELAY SOLID STATE,394,A121489,DB_IMAGES\A121489.png,485
10440,A121491,BEARING PILLOW BLOCK 1IN BORE NP-16-T,1194,A121491,DB_IMAGES\A121491.png,486
10441,A121511,RELAY CONTROL 3PDT 24VDC 10A KRPA14DN24,935,A121511,DB_IMAGES\A121511.png,487
10442,A121512,BEARING PILLOW BLOCK 1 3/8 BORE P3-U222NK75,925,A121512,DB_IMAGES\A121512.png,488
10443,A121513,BELT HTD,1092,A121513,DB_IMAGES\A121513.png,489
10444,A121514,BELT  HTD,572,A121514,DB_IMAGES\A121514.png,490
10445,A121515,BEARING PILLOW BLOCK 1 1/8 BORE,969,A121515,DB_IMAGES\A121515.png,491
10446,A121521,BEARING CAM FOLLOWER ECCENTRIC,1085,A121521,DB_IMAGES\A121521.png,492
10447,A121522,BUSHING BOSTON,472,A121522,DB_IMAGES\A121522.png,493
10448,A121530,CONTACTOR 24VDC,508,A121530,DB_IMAGES\A121530.png,494
10449,A121614,REDUCER SPEED 2:1,234,A121614,DB_IMAGES\A121614.png,495
10450,A121617,REDUCER SPEED INDEXER,463,A121617,DB_IMAGES\A121617.png,496
10451,A121618,CLUTCH OVERLOAD,1080,A121618,DB_IMAGES\A121618.png,497
10452,A121619,INDEXER CAMCO FILLER,1189,A121619,DB_IMAGES\A121619.jpg,498
10453,A121627,BELT TIMING,766,A121627,DB_IMAGES\A121627.png,499
10454,A121630,POWER SUPPLY 24 VDC,541,A121630,DB_IMAGES\A121630.jpg,500
10455,A121634,CABLE JOG PENDENT 25 FEET,1272,A121634,DB_IMAGES\A121634.png,501
10456,A121636,CABLE FIBER OBTIC .046-DIA.,932,A121636,DB_IMAGES\A121636.png,502
10457,A121711,BEARING CROSS ROLLER PORT BELT,997,A121711,DB_IMAGES\A121711.png,503
10458,A121732,PLUG VALVE SEAT TEFLON,464,A121732,DB_IMAGES\A121732.png,504
10459,A121742,SPROCKET DRIVE  PORT BELT,59,A121742,DB_IMAGES\A121742.png,505
10460,A121787,"ROLLER SPECIAL ""V"" DELRIN",1304,A121787,DB_IMAGES\A121787.png,506
10461,A121819,BEARING SEALED,115,A121819,DB_IMAGES\A121819.png,507
10462,A121853,BEARING DUALVEE,110,A121853,DB_IMAGES\A121853.png,508
10463,A121987,CLAMP,898,A121987,DB_IMAGES\A121987.png,509
10465,A122333,ROLLER CARRIER FEED SHOE,106,A122333,DB_IMAGES\A122333.png,510
10466,A122351,PULLEY TIMING 40 TOOTH EJECT,403,A122351,DB_IMAGES\A122351.png,511
10467,A122412,BEARING  STAINLESS STEEL,763,A122412,DB_IMAGES\A122412.png,512
10468,A122759,BEARING NEEDLE TENSIONER MAIN DRIVE,121,A122759,DB_IMAGES\A122759.png,513
10470,A123064,TUBING GRIPPER PNEUMATIC FLEX-GREEN,1352,A123064,DB_IMAGES\A123064.png,514
10471,A123095,KIT PARTS WEAR,1317,A123095,DB_IMAGES\A123095.png,515
10472,A123182,SPRING SOLVENT BRACKET,892,A123182,DB_IMAGES\A123182.png,516
10473,A123188,O-RING SOLVENT DRIVE 255 RS,195,A123188,DB_IMAGES\A123188.png,517
10474,A123940,MOTOR SOLVENT PUMP DRIVE,202,A123940,DB_IMAGES\A123940.png,518
10476,A126080,REGULATOR OIL-FREE 3-15 PSI OUTPUT,874,A126080,DB_IMAGES\A126080.png,519
10477,A126081,REGULATOR OIL-FREE 3-15 PSI OUTPUT,563,A126081,DB_IMAGES\A126081.png,520
10479,A126156,PHOTOEYE SWITCH 24 VOLT DC,1379,A126156,DB_IMAGES\A126156.png,521
10482,A126185,SWITCH PHOTOEYE GLASS OPTI 24VDC,1165,A126185,DB_IMAGES\A126185.png,522
10483,A126206,KNIFE TEAR,1137,A126206,DB_IMAGES\A126206.png,523
10489,A126289,CABLE PROXIMITY SWITCH,33,A126289,DB_IMAGES\A126289.png,524
10490,A126367,SENSOR PROXIMITY,1271,A126367,DB_IMAGES\A126367.png,525
10496,A126468,STRIPPER HOUSING ROBOT GRIPPER,486,A126468,DB_IMAGES\A126468.png,526
10499,A126660,SPRING EJECT REJECT,827,A126660,DB_IMAGES\A126660.png,527
10502,A126772,VALVE SOLENOID GRIPPERS,372,A126772,DB_IMAGES\A126772.png,528
10503,A127086,SPRING GRIPPER ROBO HAND,599,A127086,DB_IMAGES\A127086.png,529
10504,A127095,CLEVIS TRANSFER TO SHUTTLE BRACKET,902,A127095,DB_IMAGES\A127095.jpg,530
10505,A127098,PIN CARRIER ROLLER,1148,A127098,DB_IMAGES\A127098.png,531
10507,A127262,TUBING POLYURETHA CLEAR 5/32 O.D.,224,A127262,DB_IMAGES\A127262.png,532
10512,A127357,MANIFOLD MARK 8 VACUUM TRANSFER,882,A127357,DB_IMAGES\A127357.png,533
10513,A127358,VALVE NUMATICS VACUUM TRANSFER,256,A127358,DB_IMAGES\A127358.png,534
10515,A127365,BEARING NEEDLE PRE-ALIGNR VERTICAL,838,A127365,DB_IMAGES\A127365.png,535
10516,A127366,BEARING NEEDLE PRE-ALIGNR HORIZONTAL,357,A127366,DB_IMAGES\A127366.png,536
10517,A127369,SPRING ALIGNER GRIPPER MOUNTS,920,A127369,DB_IMAGES\A127369.png,537
10518,A127370,SCREW ACME TRANSFER STATION,717,A127370,DB_IMAGES\A127370.png,538
10519,A127380,CYLINDER DRUM BAG CLAMP OPEN/CLOSE,695,A127380,DB_IMAGES\A127380.png,539
10520,A127381,BEARING DRUM CLAMP RODS,524,A127381,DB_IMAGES\A127381.png,540
10521,A127382,SPRING DRUM BAG CLAMP BUTTON,100,A127382,DB_IMAGES\A127382.png,541
10522,A127414,BULLET LONG TACO ASSEMBLY,211,A127414,DB_IMAGES\A127414.png,542
10523,A127423,CLAMP BAG STATIONARY,742,A127423,DB_IMAGES\A127423.png,543
10524,A127483,COUPLING JAW SERVO HUB,815,A127483,DB_IMAGES\A127483.png,544
10525,A127486,INSERT SPIDER SERVO,223,A127486,DB_IMAGES\A127486.png,545
10530,A127539,LIGHT FIXTURE FLUORECENT,492,A127539,DB_IMAGES\A127539.png,546
10543,A127708,SPRING BULLET BAR ON TACO,512,A127708,DB_IMAGES\A127708.png,547
10546,A127749,NEST LEFT HAND 304 SS,829,A127749,DB_IMAGES\A127749.png,548
10547,A127750,LEAD IN LEFT HAND 316 SS,420,A127750,DB_IMAGES\A127750.png,549
10556,A127966,VALVE BALL,148,A127966,DB_IMAGES\A127966.png,550
10557,A127967,CONNECTOR 9 PIN MALE,327,A127967,DB_IMAGES\A127967.jpg,551
10559,A127987,PIN DRIVE LINK DRUM,331,A127987,DB_IMAGES\A127987.png,552
10561,A128061,BEARING NEEDLE LINK ARM TRANSFER,26,A128061,DB_IMAGES\A128061.png,553
10562,A128125,SWITCH MOMENTARY ALARM RESET,681,A128125,DB_IMAGES\A128125.png,554
10563,A128126,PUSHBUTTON YELLOW ALARM SILENCE,416,A128126,DB_IMAGES\A128126.png,555
10566,A128142,CYLINDER TACO CONVEYOR SUPPORT,1228,A128142,DB_IMAGES\A128142.png,556
10568,A128163,BEARING PILLOW BLOCK,1033,A128163,DB_IMAGES\A128163.png,557
10569,A128205,PLATE SUPPORT END DEFECT HORIZONTAL,213,A128205,DB_IMAGES\A128205.png,558
10570,A128209,BEARING LINK BELT PILLOW BLOCK,851,A128209,DB_IMAGES\A128209.png,559
10571,A128216,"COUPLING 1""ID   X .625""ID KEYED",453,A128216,DB_IMAGES\A128216.png,560
10573,A128240,WASHER THRUST SHUTTLE,108,A128240,DB_IMAGES\A128240.png,561
10574,A128241,WASHER THRUST SHUTTLE LINK,1101,A128241,DB_IMAGES\A128241.png,562
10575,A128266,RECEPTACLE BULKHEAD 9 PIN,715,A128266,DB_IMAGES\A128266.png,563
10576,A128295,GRIPPER FINGER TRANSFER LEFT HAND,80,A128295,DB_IMAGES\A128295.png,564
10577,A128296,GRIPPER FINGER TRANSFER RIGHT HAND,724,A128296,DB_IMAGES\A128296.png,565
10578,A128297,GRIPPER FINGER TRANSFER PRE-ALIGNR,718,A128297,DB_IMAGES\A128297.png,566
10584,A128365,WASHER NYLON LATCH PIN BAG CLAMP,361,A128365,DB_IMAGES\A128365.png,567
10585,A128457,MODULE CONTROL LEVEL,539,A128457,DB_IMAGES\A128457.png,568
10586,A128493,CYLINDER INFEED ROLLERS TO DRUM,126,A128493,DB_IMAGES\A128493.png,569
10587,A128495,ADAPTER PLATE MOTOR  TO BRAKE,1089,A128495,DB_IMAGES\A128495.png,570
10588,A128500,BEARING NEEDLE,1000,A128500,DB_IMAGES\A128500.png,571
10589,A128501,BEARING NEEDLE,558,A128501,DB_IMAGES\A128501.png,572
10590,A128512,CLEVIS ROD END,488,A128512,DB_IMAGES\A128512.png,573
10591,A128669,PIN TACO OPEN CLOSE DRIVE ARM,1037,A128669,DB_IMAGES\A128669.png,574
10595,A128736,RELAY 5 VOLT,676,A128736,DB_IMAGES\A128736.png,575
10597,A128901,SEAL OIL,875,A128901,DB_IMAGES\A128901.png,576
10598,A128962,BULLET SHORT TACO ASSEMBLY,1049,A128962,DB_IMAGES\A128962.png,577
10603,A129303,GRIPPER CAM ROLLER LEFT,845,A129303,DB_IMAGES\A129303.png,578
10608,A129426,O-RING ROBOHAND SEAL BUNA,1211,A129426,DB_IMAGES\A129426.png,579
10614,A129751,HUB COUPLING 3/4 INCH BORE,1234,A129751,DB_IMAGES\A129751.png,580
10620,A130308,CABLE 9 WIRE,1012,A130308,DB_IMAGES\A130308.png,581
10633,A131865,REDUCER PHASING UNIT FILL NOZZLE,86,A131865,DB_IMAGES\A131865.png,582
10638,A132004,SPRING 302SS COMPRESS 5-PK,921,A132004,DB_IMAGES\A132004.png,583
10640,A132032,SENSOR MASS FLOW,545,A132032,DB_IMAGES\A132032.png,584
10644,A132093,LINK DRUM LOCK DRIVE,231,A132093,DB_IMAGES\A132093.JPG,585
10650,A132333,CYLINDER AIR STARWHEEL REJECTOR,70,A132333,DB_IMAGES\A132333.jpg,586
10653,A132340,GEAR MITER AND BEVEL,814,A132340,DB_IMAGES\A132340.png,587
10657,A132467,SPRING SOLVENT NEEDLE ASSEMBLY,598,A132467,DB_IMAGES\A132467.png,588
10658,A132483,SWITCH PROXIMITY REJECT WHEEL,995,A132483,DB_IMAGES\A132483.png,589
10662,A132634,BUSHING V ROLLER FLANGE,517,A132634,DB_IMAGES\A132634.png,590
10665,A132832,BUTTON PUSH SWITCH SWINGER,475,A132832,DB_IMAGES\A132832.png,591
10668,A132908,SENSOR PICO-FAST 6.5MM,543,A132908,DB_IMAGES\A132908.png,592
10672,A132970,SENSOR MAGNETIC SPEED,1160,A132970,DB_IMAGES\A132970.png,593
10674,A133103,GRIPPER ROBOHAND RA-10 BODY MODIFIED,11,A133103,DB_IMAGES\A133103.png,594
10675,A133165,BELT TIMING ENCODER TRACKING,983,A133165,DB_IMAGES\A133165.png,595
10676,A133346,BEARING DRY BUSHING,1106,A133346,DB_IMAGES\A133346.png,596
10677,A133377,DRIVE SERVO 3 AMP,63,A133377,DB_IMAGES\A133377.png,597
10678,A133484,"KIT PUMP 1/8"" METERING",1283,A133484,DB_IMAGES\A133484.png,598
10679,A133499,BOARD PROFIBUS MAIN DRIVE,1072,A133499,DB_IMAGES\A133499.png,599
10687,A133508,CABLE J-BOX FLEX,644,A133508,DB_IMAGES\A133508.png,600
10688,A133591,BELT CHECKWEIGH,1056,A133591,DB_IMAGES\A133591.png,601
10690,A133593,BELT CHECKWEIGH 545MM,178,A133593,DB_IMAGES\A133593.png,602
10692,A133708,CYLINDER 25MM BORE 20MM STROKE,1158,A133708,DB_IMAGES\A133708.png,603
10693,A133837,CABLE SENSOR 5M,1378,A133837,DB_IMAGES\A133837.png,604
10694,A134183,"BEARING PILLOW BLOCK  1"" STAINLESS",1108,A134183,DB_IMAGES\A134183.png,605
10697,A134626,CYLINDER DRUM KNIFE,1192,A134626,DB_IMAGES\A134626.png,606
10705,A134769,CONTROLLER FREQUENCY MFS 268 REO VIB,654,A134769,DB_IMAGES\A134769.png,607
10706,A134770,SENSOR ACCELEROME TER SW-70,1368,A134770,DB_IMAGES\A134770.png,608
10712,A135130,CAM OPENER SUPPORT BAR,1315,A135130,DB_IMAGES\A135130.png,609
10713,A135131,CAM OPENER BAR,523,A135131,DB_IMAGES\A135131.png,610
10714,A135182,ENCLOSURE PLASTIC 5.11X3.94X 2.75,72,A135182,DB_IMAGES\A135182.png,611
10715,A135329,ROLLER DRUM,1251,A135329,DB_IMAGES\A135329.png,612
10716,A135728,BELT PORTBAND SHORT POLY 180 HOLES,714,A135728,DB_IMAGES\A135728.png,613
10717,A135729,BELT PORTBAND LONG POLY 240 HOLES,210,A135729,DB_IMAGES\A135729.png,614
10718,A136950,BOTTLE WIDE MOUTH FEP 16 OZ 4/CASE,757,A136950,DB_IMAGES\A136950.png,615
10733,A138951,MANIFOLD EX250 4 POSITION,227,A138951,DB_IMAGES\A138951.png,616
10734,A138952,VALVE 5 PORT  2 POSITION  SOLENOID V,705,A138952,DB_IMAGES\A138952.png,617
10738,A138968,BELT TIMING U AXIS,601,A138968,DB_IMAGES\A138968.png,618
10765,A138995,FAN INTERNAL CIRC,440,A138995,DB_IMAGES\A138995.png,619
10766,A138996,FUSE AC CONTROL,710,A138996,DB_IMAGES\A138996.png,620
10767,A138997,FUSE 24VDC I/O BRAKE,670,A138997,DB_IMAGES\A138997.png,621
10783,A139029,CABLE EXTERNAL AXIS S-2,1123,A139029,DB_IMAGES\A139029.jpg,622
10784,A139030,CABLE EXTERNAL AXIS S-1,1199,A139030,DB_IMAGES\A139030.JPG,623
10785,A139031,CABLE EXTERNAL AXIS ENCODER,374,A139031,DB_IMAGES\A139031.jpg,624
10795,A139361,NUT DUALVEE DELRIN,1111,A139361,DB_IMAGES\A139361.png,625
10806,A139559,ADHESIVE SEALANT THREE BOND,75,A139559,DB_IMAGES\A139559.png,626
10810,A139742,CABLE ENCODER  BELT TRACKING,1382,A139742,DB_IMAGES\A139742.jpg,627
10826,A140427,SENSOR LASER W/PIGTAIL PORT TRACK,133,A140427,DB_IMAGES\A140427.png,628
10829,A140614,BUSHING SOLVENT,564,A140614,DB_IMAGES\A140614.png,629
10830,A140621,INSERT WIRE 10-24 25/PK,941,A140621,DB_IMAGES\A140621.png,630
10845,A140994,DRIVE DIGITAL 6 AMP,994,A140994,DB_IMAGES\A140994.JPG,631
10846,A140995,DRIVE ANALOG COMMAND 3 AMP,359,A140995,DB_IMAGES\A140995.JPG,632
10849,A140998,MOTOR SERVO AKM21C,1298,A140998,DB_IMAGES\A140998.JPG,633
10850,A140999,MOTOR SERVO AKM41H,971,A140999,DB_IMAGES\A140999.JPG,634
10853,A141002,CABLE POWER 6M NON-FLEX,1270,A141002,DB_IMAGES\A141002.JPG,635
10860,A141011,REDUCER RIGHT ANGLE 10:1,873,A141011,DB_IMAGES\A141011.JPG,636
10865,A141033,HOLDER FUSE 3 POLE 600V,1225,A141033,DB_IMAGES\A141033.png,637
10866,A141034,SWITCH DOOR SAFETY SOLENOID,16,A141034,DB_IMAGES\A141034.png,638
10869,A141037,CABLE SAFETY SWITCH,1052,A141037,DB_IMAGES\A141037.png,639
10872,A141106,HOLDER FUSE CLASS J,991,A141106,DB_IMAGES\A141106.png,640
10877,A141178,FITTING REDUCING UNION 1/8X1/16 T,1341,A141178,DB_IMAGES\A141178.png,641
10878,A141194,REDUCER GEAR 100:1 GREASE FILLED,1287,A141194,DB_IMAGES\A141194.png,642
10879,A141225,GEARMOTOR 3/8HP 130V 3/16HP 90V 83 RPM,636,A141225,DB_IMAGES\A141225.png,643
10880,A141437,GEARBOX STARWHEEL WHITE EPOXY,1204,A141437,DB_IMAGES\A141437.JPG,644
10882,A141546,REDUCER 50:1 FOOD GRADE,1093,A141546,DB_IMAGES\A141546.png,645
10883,A141547,REDUCER 100:1 FOOD GRADE,653,A141547,DB_IMAGES\A141547.JPG,646
10884,A141548,REDUCER 50:1 RIGHT ANGL FOOD GRADE,225,A141548,DB_IMAGES\A141548.JPG,647
10884,A141548,REDUCER 50:1 RIGHT ANGL FOOD GRADE,835,A141548,DB_IMAGES\A141548.png,648
10885,A141611,COMPUTER INDUSTRIAL IPC277D 32 BIT,94,A141611,DB_IMAGES\A141611.png,649
10888,A141790,LIGHT LED 90 MM X 90 MM,1146,A141790,DB_IMAGES\A141790.png,650
10890,A141899,HUB PRESS FIT,379,A141899,DB_IMAGES\A141899.png,651
10893,A141987,"BEARING ROD END 3/8"" X 24 RH THREAD",570,A141987,DB_IMAGES\A141987.png,652
10894,A141988,"BEARING ROD END 3/8"" X 24 LH THREAD",142,A141988,DB_IMAGES\A141988.png,653
10895,A142613,"CONNECTOR HOSE 6"" SS",1074,A142613,DB_IMAGES\A142613.png,654
10896,A142657,CONNECTOR SUPPLY LINE BRAIDED SS,682,A142657,DB_IMAGES\A142657.png,655
10900,A142850,CAM FOLLOWER,69,A142850,DB_IMAGES\A142850.png,656
10901,A142985,APPLICATOR SOLVENT PIVOT,777,A142985,DB_IMAGES\A142985.png,657
10904,A143089,TRANSDUCER RESOLVER PLS SIZE 25,38,A143089,DB_IMAGES\A143089.png,658
10905,A143090,CABLE RESOLVER 50 FOOT,1206,A143090,DB_IMAGES\A143090.png,659
10921,A121531,COUPLING SINGLE FLEXING,79,A121531,DB_IMAGES\A121531.png,660
10922,A121647,MODULE MODULE 24 VDC,1310,A121647,DB_IMAGES\A121647.png,661
10927,A100429,VALVE SHUT-OFF 316 SST,1130,A100429,DB_IMAGES\A100429.png,662
10928,A102027,BELT DISTILLATE PUMP,792,A102027,DB_IMAGES\A102027.png,663
10929,A103104,LUBRICANT SPRAY LPS-3,1143,A103104,DB_IMAGES\A103104.png,664
10930,A103107,LUBRICANT SPRAY GREASELESS LPS 1,152,A103107,DB_IMAGES\A103107.png,665
10931,A103472,"CLUTCH OVERLOAD 1"" BORE",1020,A103472,DB_IMAGES\A103472.png,666
10932,A103689,ELECTRODE LEVEL CONTROL,1180,A103689,DB_IMAGES\A103689.png,667
10933,A104620,GAUGE PRESSURE 0-100 PSI,1095,A104620,DB_IMAGES\A104620.png,668
10934,A107026,SEAT VALVE STEM ASSEMBLY,756,A107026,DB_IMAGES\A107026.png,669
10935,A107053,STEM VALVE ASSY SEAT SPECIAL,1152,A107053,DB_IMAGES\A107053.png,670
10936,A107054,GAUGE PRESSURE 0-30 PSI,643,A107054,DB_IMAGES\A107054.png,671
10937,A107624,PLUG VENTED ACTUATOR,1032,A107624,DB_IMAGES\A107624.png,672
10938,A107632,"GASKET FLUORO ELASTOMER 3""",56,A107632,DB_IMAGES\A107632.png,673
10939,A107734,HEATER OVERLOAD W-34,18,A107734,DB_IMAGES\A107734.png,674
10940,A107981,O-RING VITON,42,A107981,DB_IMAGES\A107981.png,675
10941,A108332,KIT REGULATOR,783,A108332,DB_IMAGES\A108332.png,676
10942,A109928,TRANSDUCER I/P,1284,A109928,DB_IMAGES\A109928.png,677
10943,A111620,BEARING,1333,A111620,DB_IMAGES\A111620.png,678
10945,A113629,"CURTAIN PLASTIC CLEAR 54""X 180FT ROLL",47,A113629,DB_IMAGES\A113629.png,679
10946,A113630,PLUG BNC CONNECTOR CABLE,596,A113630,DB_IMAGES\A113630.png,680
10947,A113672,BELT SYRONOUS,759,A113672,DB_IMAGES\A113672.png,681
10948,A113794,GASKET BODY,381,A113794,DB_IMAGES\A113794.png,682
10949,A113944,POT METER 5K OHM ROBO HAND,577,A113944,DB_IMAGES\A113944.png,683
10950,A114977,DISK RUPTURE FOR SURGE TANK 1 2 3,697,A114977,DB_IMAGES\A114977.png,684
10951,A115335,MODULE LOGIC,862,A115335,DB_IMAGES\A115335.png,685
10952,A115897,PUMP VACUUM,169,A115897,DB_IMAGES\A115897.png,686
10953,A116046,PLATE BACK CLEAT,367,A116046,DB_IMAGES\A116046.png,687
10954,A116070,CONTROL FEEDER SCR,836,A116070,DB_IMAGES\A116070.png,688
10955,A116312,BLOCK PHOTO ELECTRIC POWER,652,A116312,DB_IMAGES\A116312.png,689
10957,A117752,TUBING TEFLON FEP 1/32 I.D.X .063 O.D.,248,A117752,DB_IMAGES\A117752.png,690
10961,A118612,SOCKET,52,A118612,DB_IMAGES\A118612.png,691
10962,A119345,SWITCH REMOTE JOG WATERTIGHT,149,A119345,DB_IMAGES\A119345.png,692
10963,A119346,CORD REMOTE TOG SWITCH,1216,A119346,DB_IMAGES\A119346.png,693
10964,A119611,"LEXAN CLEAR 3/8""X4FX8F",1308,A119611,DB_IMAGES\A119611.png,694
10965,A119996,"CONTROL FLOW 1/8""",362,A119996,DB_IMAGES\A119996.png,695
10966,A120810,BEARING W/INNER RACE,959,A120810,DB_IMAGES\A120810.png,696
10967,A120842,LAMP ROBOT CONTROLLER .05A/37.5V,728,A120842,DB_IMAGES\A120842.png,697
10968,A120927,SOLENOID KIT,1354,A120927,DB_IMAGES\A120927.png,698
10969,A121473,BREAKER CHANNEL MNT 1/2 AMP 1492-GH005,1064,A121473,DB_IMAGES\A121473.png,699
10970,A121474,BREAKER CHANNEL MNT 2/10 AMP 1492-GH002,1367,A121474,DB_IMAGES\A121474.png,700
10971,A121475,BUSHING RULON,1026,A121475,DB_IMAGES\A121475.png,701
10972,A121476,WASHER THRUST,194,A121476,DB_IMAGES\A121476.png,702
10974,A121478,BEARING DOUBLE ROW BALL,111,A121478,DB_IMAGES\A121478.png,703
10975,A121495,SWITCH PRESSURE,383,A121495,DB_IMAGES\A121495.png,704
10976,A121497,GASKET BEACON LIGHT,1292,A121497,DB_IMAGES\A121497.png,705
10977,A121498,OVERLOAD MOTOR,1336,A121498,DB_IMAGES\A121498.png,706
10978,A121505,HEATER ELEMENTS,1239,A121505,DB_IMAGES\A121505.png,707
10979,A121506,BREAKER 35AMP SINGLE POLE,237,A121506,DB_IMAGES\A121506.png,708
10980,A121507,MODULE RESOLVER NEMA 4X,329,A121507,DB_IMAGES\A121507.png,709
10981,A121523,BEARING PILLOW BLOCK,930,A121523,DB_IMAGES\A121523.png,710
10982,A121527,SENSOR OPTICAL,330,A121527,DB_IMAGES\A121527.png,711
10983,A121529,PLUG PANEL MOUNT FEMALE,235,A121529,DB_IMAGES\A121529.png,712
10984,A121615,BELT STEEL INFEED,43,A121615,DB_IMAGES\A121615.png,713
10985,A121620,CLUTCH OVERLOAD WASHER,1223,A121620,DB_IMAGES\A121620.png,714
10986,A121621,INDEXER CAMCO WASHER,1195,A121621,DB_IMAGES\A121621.png,715
10987,A121623,ADAPTER FEEDBACK,243,A121623,DB_IMAGES\A121623.png,716
10988,A121625,BOARD INPUT INTERFACE BOARD,608,A121625,DB_IMAGES\A121625.png,717
10989,A121626,PROCESS SIGNAL FOLLOWER,32,A121626,DB_IMAGES\A121626.png,718
10990,A121628,BELT TIMING,354,A121628,DB_IMAGES\A121628.png,719
10991,A121632,PLUG FEMALE WATERTIGHT,990,A121632,DB_IMAGES\A121632.png,720
10992,A121633,PLUG MALE WATERTIGHT,1312,A121633,DB_IMAGES\A121633.png,721
10993,A121635,CABLE RIGHT ANGLE .125 DIA.,634,A121635,DB_IMAGES\A121635.png,722
10994,A121640,RELAY IDEC 12 VDC,557,A121640,DB_IMAGES\A121640.png,723
10995,A121641,RELAY SOCKET,385,A121641,DB_IMAGES\A121641.png,724
10996,A121643,RELAY SOCKET RHN SERIES,1055,A121643,DB_IMAGES\A121643.png,725
10998,A121664,REGULATOR NUMATICS,515,A121664,DB_IMAGES\A121664.png,726
10999,A121666,CYLINDER FABCO,1040,A121666,DB_IMAGES\A121666.jpg,727
11000,A121690,PHASE CHANGER 90 DEGREE 4:1 RATIO,1260,A121690,DB_IMAGES\A121690.png,728
11001,A121691,REDUCER SPEED PHASE ADJUST,425,A121691,DB_IMAGES\A121691.png,729
11002,A121710,REDUCER SPEED 40:1,257,A121710,DB_IMAGES\A121710.png,730
11003,A121730,CABLE FIBER OPTIC,679,A121730,DB_IMAGES\A121730.png,731
11004,A121731,O-RING VITON PLUG SEAT,1141,A121731,DB_IMAGES\A121731.png,732
11005,A121736,NOZZLE AIR ASSEMBLY,495,A121736,DB_IMAGES\A121736.png,733
11006,A121737,NOZZLE WATER ASSEMBLY,1084,A121737,DB_IMAGES\A121737.png,734
11008,A121831,PIN DRIVE BAG LOAD SPROCKET,105,A121831,DB_IMAGES\A121831.png,735
11009,A121852,BUSHING DUALVEE,346,A121852,DB_IMAGES\A121852.png,736
11010,A121881,GUIDE RAIL INVERTER,1347,A121881,DB_IMAGES\A121881.png,737
11011,A121882,RAIL CARRIER FILL INVERTER,1222,A121882,DB_IMAGES\A121882.png,738
11012,A121884,"RAIL ""V""CARRIER GUIDE MIDDLE",99,A121884,DB_IMAGES\A121884.png,739
11013,A121889,DIAL FEEDER SYSTEM CONTROL,1364,A121889,DB_IMAGES\A121889.png,740
11014,A121890,RESISTOR VARIABLE FEEDER CONTROL,282,A121890,DB_IMAGES\A121890.png,741
11015,A121986,GASKET,15,A121986,DB_IMAGES\A121986.png,742
11016,A121988,O-RING STEM,266,A121988,DB_IMAGES\A121988.png,743
11017,A121989,WASHER STEM,933,A121989,DB_IMAGES\A121989.png,744
11018,A121990,O-RING OUTER BONNET 650 ACTUATOR,623,A121990,DB_IMAGES\A121990.png,745
11019,A121991,O-RING INNER BONNET,1265,A121991,DB_IMAGES\A121991.png,746
11020,A121992,PISTON,1104,A121992,DB_IMAGES\A121992.png,747
11021,A121994,O-RING STEM SLEEVE,190,A121994,DB_IMAGES\A121994.png,748
11022,A122034,CABLE QUICK DISCONNECT,776,A122034,DB_IMAGES\A122034.png,749
11024,A122174,RING RETAINING EXTERNAL E-STYLE,9,A122174,DB_IMAGES\A122174.png,750
11025,A122175,SPRING GRIPPER COMPRESSIO N,1198,A122175,DB_IMAGES\A122175.png,751
11026,A122300,BATTERY LITHIUM 3V TI435 CONTROLLER,966,A122300,DB_IMAGES\A122300.png,752
11027,A122456,O-RING SILICONE 011,462,A122456,DB_IMAGES\A122456.png,753
11028,A122457,O-RING SILICONE 013,1365,A122457,DB_IMAGES\A122457.png,754
11029,A122515,BEARING MALE ROD END,1119,A122515,DB_IMAGES\A122515.png,755
11031,A122642,SENSOR 8MM BARREL INDUCTIVE SWITCH,700,A122642,DB_IMAGES\A122642.png,756
11032,A122643,SENSOR INDUCTIVE BARREL 5MM SWITCH,1227,A122643,DB_IMAGES\A122643.png,757
11033,A122644,FIBEROPTIC CABLE CABLE .062-DIA,540,A122644,DB_IMAGES\A122644.png,758
11034,A122647,CLAMP SWIVEL USE WITH #133531,365,A122647,DB_IMAGES\A122647.png,759
11035,A122982,WHEEL DUALVEE,559,A122982,DB_IMAGES\A122982.png,760
11036,A123077,BULLET LOAD ARM,1171,A123077,DB_IMAGES\A123077.png,761
11037,A123181,ROLLER ACTUATOR CARRIER,808,A123181,DB_IMAGES\A123181.png,762
11038,A123434,ROLLER CARRIER,269,A123434,DB_IMAGES\A123434.png,763
11040,A123642,"STEM 3""",1387,A123642,DB_IMAGES\A123642.png,764
11041,A123651,STUD PINCH-OFF ACTUATOR TOP,1036,A123651,DB_IMAGES\A123651.png,765
11042,A123652,SPACER PINCH OFF ACTUATOR BOTTOM,614,A123652,DB_IMAGES\A123652.png,766
11043,A123653,BEARING RODEND,498,A123653,DB_IMAGES\A123653.png,767
11044,A123654,CYLINDER WASHER COUNTER BALANCE,226,A123654,DB_IMAGES\A123654.png,768
11045,A123681,VALVE TRI-CLOVER SAMPLE,1132,A123681,DB_IMAGES\A123681.png,769
11047,A123928,BRAKE MAIN DRIVE MOTOR,1337,A123928,DB_IMAGES\A123928.png,770
11048,A124013,HINGE BLOCK,147,A124013,DB_IMAGES\A124013.png,771
11049,A124041,SEAL OIL WASHER CAMCO,982,A124041,DB_IMAGES\A124041.png,772
11050,A124042,SPRING OVERLOAD CLUTCH WASHER,128,A124042,DB_IMAGES\A124042.png,773
11051,A124372,SWITCH PROXIMITY,937,A124372,DB_IMAGES\A124372.png,774
11052,A124493,BEARING KAYDON INVERTERS,867,A124493,DB_IMAGES\A124493.png,775
11053,A124580,SPRING STAINLESS,891,A124580,DB_IMAGES\A124580.png,776
11054,A124610,GUARD STRIP BELT LOADING ST,491,A124610,DB_IMAGES\A124610.png,777
11055,A124616,NOZZLE INNER AIR BODY,387,A124616,DB_IMAGES\A124616.png,778
11057,A124734,NOZZLE STEAM FINGER,740,A124734,DB_IMAGES\A124734.png,779
11059,A124804,RELAY 15 AMPS 24 VDC DPDT,1122,A124804,DB_IMAGES\A124804.png,780
11060,A124813,RESISTOR 50 WATT 50 OHM 1%,209,A124813,DB_IMAGES\A124813.png,781
11061,A124842,ELBOW SPECIAL ADVANTAGE FILLER,650,A124842,DB_IMAGES\A124842.png,782
11062,A124890,RESISTOR 50 WATT 15 OHM 1%,1182,A124890,DB_IMAGES\A124890.png,783
11063,A124957,YOKE MOUNTING ROD 250ML,55,A124957,DB_IMAGES\A124957.png,784
11064,A124958,PIN HINGE CARRIER,1344,A124958,DB_IMAGES\A124958.png,785
11065,A124959,PIN DOWEL W/SPPRING SECUREMENT,1007,A124959,DB_IMAGES\A124959.png,786
11066,A124960,YOKE MOUNTING ROD 50&100 ML,1208,A124960,DB_IMAGES\A124960.png,787
11067,A125207,CLAMP OPENER BAR SUPPORT,240,A125207,DB_IMAGES\A125207.png,788
11068,A125209,PIN BAG CLAMP ROLLER,319,A125209,DB_IMAGES\A125209.png,789
11069,A125233,WHEEL GUIDE,137,A125233,DB_IMAGES\A125233.png,790
11070,A126689,"TUBING 5/8"" ID REINFORCED SILICONE",102,A126689,DB_IMAGES\A126689.png,791
11074,A126693,"TUBING 3/4"" REINFORCED SILICONE",1004,A126693,DB_IMAGES\A126693.png,792
11080,A127844,SENSOR BLOCK SCANNER,130,A127844,DB_IMAGES\A127844.jpg,793
11081,A127847,"WASHER NYLON 1/4""ID X 3/8"" OD",419,A127847,DB_IMAGES\A127847.png,794
11083,A128556,CONTROLLER PHOTO EYE,1041,A128556,DB_IMAGES\A128556.png,795
11084,A128557,EYE PHOTO,667,A128557,DB_IMAGES\A128557.png,796
11085,A128803,SOLENOID VALVE,988,A128803,DB_IMAGES\A128803.png,797
11086,A129618,TRACKBALL W/ MALE SERIAL PORT,175,A129618,DB_IMAGES\A129618.png,798
11087,A129647,PHOTOEYE,908,A129647,DB_IMAGES\A129647.png,799
11088,A129648,CAMERA CCD,489,A129648,DB_IMAGES\A129648.png,800
11089,A129650,LENS CAMERA 50MM,953,A129650,DB_IMAGES\A129650.png,801
11090,A129651,KIT LENS ADAPTER,215,A129651,DB_IMAGES\A129651.png,802
11091,A129652,SUPPLY POWER 24V CONSTANT,595,A129652,DB_IMAGES\A129652.png,803
11092,A129653,PROGRAMMER HANDHELD,298,A129653,DB_IMAGES\A129653.png,804
11094,A129929,CONNECTOR ELECTRICAL FEMALE,303,A129929,DB_IMAGES\A129929.png,805
11097,A130666,SENSOR PHOTO LASER,1332,A130666,DB_IMAGES\A130666.png,806
11098,A130667,BLOCK TERMINAL FUSE HOLDER,1246,A130667,DB_IMAGES\A130667.png,807
11099,A130668,SWIVEL AIR,191,A130668,DB_IMAGES\A130668.png,808
11100,A130669,NOZZLE AIR ADAPTER,531,A130669,DB_IMAGES\A130669.png,809
11102,A130786,"KIT REGULATOR 3/4 """,244,A130786,DB_IMAGES\A130786.png,810
11103,A130959,VALVE SOLENOID,460,A130959,DB_IMAGES\A130959.png,811
11104,A130982,BREAKER CIRCUIT 1 POLE 10A BOLT ON,1286,A130982,DB_IMAGES\A130982.png,812
11105,A130992,CABLE SHIELDED EUROFAST 8P FEMALE,731,A130992,DB_IMAGES\A130992.png,813
11106,A130993,ENCODER 1000 LINE 5VDC DIFF LN DR,600,A130993,DB_IMAGES\A130993.png,814
11110,A131002,MODULE OUTPUT G4 5-60VDC 24V LOGIC,929,A131002,DB_IMAGES\A131002.png,815
11111,A131007,RELAY TIME DELAY MULTIFUNCT 24VDC COIL,1294,A131007,DB_IMAGES\A131007.png,816
11116,A131238,CABLE PHOTO EURO-FAST 15FT,618,A131238,DB_IMAGES\A131238.png,817
11117,A131239,BEARING SEALED .250OD .625OD,1031,A131239,DB_IMAGES\A131239.png,818
11118,A131276,BUSHING FLANGE BLUE,139,A131276,DB_IMAGES\A131276.png,819
11119,A131449,CLEAT BULLET LOADING STATION,391,A131449,DB_IMAGES\A131449.png,820
11120,A131510,BULLET LOADING STATION,583,A131510,DB_IMAGES\A131510.png,821
11121,A131522,CABLE PHOTOEYE 4 METER,325,A131522,DB_IMAGES\A131522.png,822
11122,A131523,CABLE PHOTOEYE 9 METER,762,A131523,DB_IMAGES\A131523.png,823
11123,A131524,CABLE FIBEROPTIC,437,A131524,DB_IMAGES\A131524.png,824
11124,A131525,CABLE FIBEROPTIC VIAL PORT SENSOR,263,A131525,DB_IMAGES\A131525.png,825
11126,A131527,SENSOR PHOTOEYE GREEN LED,780,A131527,DB_IMAGES\A131527.png,826
11128,A131856,CABLE PHOTO EYE,81,A131856,DB_IMAGES\A131856.png,827
11129,A131857,CYLINDER REJECT WHEEL,200,A131857,DB_IMAGES\A131857.png,828
11130,A131859,CABLE RECEPTABLE NOZZLE CHECK,12,A131859,DB_IMAGES\A131859.png,829
11131,A131860,CABLE EXTENSION NOZZLE CHECK,203,A131860,DB_IMAGES\A131860.png,830
11132,A131864,REDUCER PHASING UNIT WASHER,145,A131864,DB_IMAGES\A131864.png,831
11134,A132006,SPACER BULLET STAINLESS TOP,546,A132006,DB_IMAGES\A132006.png,832
11136,A132442,SPROCKET 8MM PITCH 30MM WIDE 22 TOOTH,398,A132442,DB_IMAGES\A132442.png,833
11137,A132443,GEAR 15 TOOTH FOR END EFFECTER,642,A132443,DB_IMAGES\A132443.png,834
11138,A132444,GEAR 60 TOOTH,1087,A132444,DB_IMAGES\A132444.png,835
11139,A132445,BEARING STAINLESS STEEL SRD6DDHA1,752,A132445,DB_IMAGES\A132445.png,836
11140,A132448,SPROCKET TAPERLOCK,1113,A132448,DB_IMAGES\A132448.png,837
11141,A132449,"BUSHING TAPER LOCK  7/8"" BORE W/ KEYWAY",574,A132449,DB_IMAGES\A132449.png,838
11146,A132454,SENSOR INDUCTIVE,702,A132454,DB_IMAGES\A132454.png,839
11150,A132458,SPROCKET TAPER LOCK,1214,A132458,DB_IMAGES\A132458.png,840
11151,A132460,"BUSHING TAPER LOCK 1"" BORE",310,A132460,DB_IMAGES\A132460.png,841
11152,A132461,PLUNGER HAND RETRACT,461,A132461,DB_IMAGES\A132461.png,842
11154,A132464,SPROCKET TAPER LOCK,469,A132464,DB_IMAGES\A132464.png,843
11155,A132465,BELT 8MM PITCH 30MM WIDE 720 LG,948,A132465,DB_IMAGES\A132465.png,844
11156,A132480,BEARING FLANGE REJECT WHEEL,27,A132480,DB_IMAGES\A132480.png,845
11157,A132481,SPRING REJECT WHEEL,1162,A132481,DB_IMAGES\A132481.png,846
11158,A132482,CORD BAG SENSOR,901,A132482,DB_IMAGES\A132482.png,847
11159,A132484,CORD PROX. REJECT WHEEL,903,A132484,DB_IMAGES\A132484.png,848
11160,A132486,BLOCK SENSOR MOUNTING,1264,A132486,DB_IMAGES\A132486.png,849
11161,A132487,BRACKET SENSOR MOUNTING,537,A132487,DB_IMAGES\A132487.png,850
11162,A132488,BRACKET VERTICAL SENSOR MOUNT,473,A132488,DB_IMAGES\A132488.png,851
11163,A132489,BRACKET VERTICAL SENSOR MOUNT-RT,934,A132489,DB_IMAGES\A132489.png,852
11165,A132494,GRIPPER RIGHT HAND EJECT,283,A132494,DB_IMAGES\A132494.png,853
11166,A132495,GRIPPER LEFT HAND EJECT,744,A132495,DB_IMAGES\A132495.png,854
11167,A132599,GEARBOX 2:1 RATIO VERTICAL OUTPUT,818,A132599,DB_IMAGES\A132599.png,855
11168,A132600,GEARBOX PHASER 1:1 STANDARD UNIT,622,A132600,DB_IMAGES\A132600.png,856
11169,A132710,"BUSHING TAPER LOCK 1"" BORE W/ KW",1099,A132710,DB_IMAGES\A132710.png,857
11170,A132711,"O-RING SILICONE CORD 1/16""",1318,A132711,DB_IMAGES\A132711.png,858
11171,A132712,BELT 8MM X 20MM WIDE 720MM LARGE,548,A132712,DB_IMAGES\A132712.png,859
11172,A132869,BEARING,311,A132869,DB_IMAGES\A132869.png,860
11173,A132870,BEARING,1176,A132870,DB_IMAGES\A132870.png,861
11174,A132872,CABLE TOOLING SENSOR IN-FLOOR,268,A132872,DB_IMAGES\A132872.png,862
11175,A132873,CABLE TOOLING SENSOR IN-FLOOR,1170,A132873,DB_IMAGES\A132873.png,863
11176,A132903,SENSOR FIBER OPTIC,847,A132903,DB_IMAGES\A132903.png,864
11177,A132909,SENSOR BELT INTEGRITY,285,A132909,DB_IMAGES\A132909.png,865
11178,A132910,MANIFOLD GRIPPER SOLENOID,528,A132910,DB_IMAGES\A132910.png,866
11179,A132913,KEY WOODRUFF,1088,A132913,DB_IMAGES\A132913.png,867
11180,A132915,SPRING GRIPPER ADEPT SIX,204,A132915,DB_IMAGES\A132915.png,868
11182,A132918,BEARING ADEPT SIX TOOLING,336,A132918,DB_IMAGES\A132918.png,869
11183,A132925,SPRING,648,A132925,DB_IMAGES\A132925.png,870
11184,A132962,BEARING,368,A132962,DB_IMAGES\A132962.png,871
11186,A132994,MODULE 8-CHANNEL ANALOG OUTPUT,351,A132994,DB_IMAGES\A132994.png,872
11187,A132998,MODULE 16-POINT DISCRETE OUTPUT,1323,A132998,DB_IMAGES\A132998.png,873
11188,A132999,MODULE 8-POINT RELAY OUTPUT,712,A132999,DB_IMAGES\A132999.png,874
11189,A133002,FUSE PLC OUTPUT CARD,1063,A133002,DB_IMAGES\A133002.png,875
11190,A133056,UJOINT UNIVERSAL 1/2 X 1/2 STAINLESS,1134,A133056,DB_IMAGES\A133056.png,876
11191,A133059,PULLEY ALUMINUM 1/2 BORE W/SETSCREW,984,A133059,DB_IMAGES\A133059.png,877
11193,A133089,KEYSTOCK 3MM MODIFIED,288,A133089,DB_IMAGES\A133089.png,878
11194,A133090,SUPPORT TURCK SENSOR,150,A133090,DB_IMAGES\A133090.png,879
11195,A133091,FITTING BARB,474,A133091,DB_IMAGES\A133091.png,880
11196,A133092,GEAR 12 TOOTH IDLER SEE EXTEND,877,A133092,DB_IMAGES\A133092.png,881
11197,A133093,GEAR 48 TOOTH IDLER,107,A133093,DB_IMAGES\A133093.png,882
11198,A133094,GEAR 36 TOOTH DRIVE,739,A133094,DB_IMAGES\A133094.png,883
11199,A133095,SENSOR TRIGGER,989,A133095,DB_IMAGES\A133095.png,884
11200,A133096,GEAR 12 TOOTH DRIVE SEE EXTEND,605,A133096,DB_IMAGES\A133096.png,885
11201,A133097,RETAINER DOWEL PIN,13,A133097,DB_IMAGES\A133097.png,886
11202,A133098,SHAFT IDLER,1366,A133098,DB_IMAGES\A133098.png,887
11203,A133099,GEAR 24 TOOTH DRIVE,1188,A133099,DB_IMAGES\A133099.png,888
11204,A133100,GEAR 24 TOOTH GRIPPER FLANGE,985,A133100,DB_IMAGES\A133100.png,889
11205,A133101,GEAR 24 TOOTH IDLER,1028,A133101,DB_IMAGES\A133101.png,890
11206,A133102,GRIPPER ROBOHAND FINGER FASTENER,253,A133102,DB_IMAGES\A133102.png,891
11207,A133104,GRIPPER FINGER,1016,A133104,DB_IMAGES\A133104.png,892
11208,A133105,GRIPPER STRIPPER HOUSING,123,A133105,DB_IMAGES\A133105.png,893
11209,A133139,BELT CHECKWEIGH FINISH HABASIT,389,A133139,DB_IMAGES\A133139.png,894
11210,A133404,BLOCK CARRIER CLAMP,143,A133404,DB_IMAGES\A133404.png,895
11211,A133409,SPACER USED ON ROLLER SHOE,251,A133409,DB_IMAGES\A133409.png,896
11212,A133410,CLAMP SWIVEL FINGER INSERT,1135,A133410,DB_IMAGES\A133410.png,897
11213,A133411,SPACER VIAL PORT SUPPORT POST,315,A133411,DB_IMAGES\A133411.png,898
11214,A133413,BEARING FLANGE,797,A133413,DB_IMAGES\A133413.png,899
11215,A133415,BEARING FLANGE,1385,A133415,DB_IMAGES\A133415.png,900
11216,A133416,PIN BAG CLAMP,822,A133416,DB_IMAGES\A133416.png,901
11217,A133427,HANDLE VALVE MANIFOLD,97,A133427,DB_IMAGES\A133427.png,902
11220,A133531,CLAMP FIXED USE WITH # 122647,833,A133531,DB_IMAGES\A133531.png,903
11221,A133589,BEARING BUSHING TECAPEEK PVX,1164,A133589,DB_IMAGES\A133589.png,904
11222,A133921,CONTROLLER,562,A133921,DB_IMAGES\A133921.png,905
11224,A134165,CAM FOLLOWER CF 1/2 SB CR,938,A134165,DB_IMAGES\A134165.png,906
11225,A134629,"MONITOR 15"" LCD PANEL MOUNT",1059,A134629,DB_IMAGES\A134629.png,907
11226,A135029,"SLIDE DRAWER 12"" 304SST PAIR",344,A135029,DB_IMAGES\A135029.png,908
11227,A136343,BRUSH MOTOR BODINE HOPPER MTR,747,A136343,DB_IMAGES\A136343.png,909
11228,A136397,PULLEY TIMING BELT,25,A136397,DB_IMAGES\A136397.png,910
11229,A136398,PULLEY TIMING BELT,802,A136398,DB_IMAGES\A136398.png,911
11230,A136602,SENSOR VIAL PORT STATION,1002,A136602,DB_IMAGES\A136602.png,912
11231,A137079,"HOSE ASSEMBLY 21""",960,A137079,DB_IMAGES\A137079.png,913
11232,A137080,"HOSE ASSEMBLY 25""",1377,A137080,DB_IMAGES\A137080.png,914
11235,A140094,CYLINDER GUIDED TWIST BELT,286,A140094,DB_IMAGES\A140094.png,915
11236,A140439,FITTING BULKHEAD BRASS,1273,A140439,DB_IMAGES\A140439.png,916
11238,A140680,"DIAPHRAGM 2"" TME (CARD REQ)",587,A140680,DB_IMAGES\A140680.png,917
11239,A141208,CABLE TEACH PENDANT,939,A141208,DB_IMAGES\A141208.png,918
11241,A141541,DRIVE VARIABLE FREQUENCY 523,619,A141541,DB_IMAGES\A141541.png,919
11243,A141869,TRANSMITTR PRESSURE WASHER SUPPORT,684,A141869,DB_IMAGES\A141869.png,920
11245,A142373,SWITCH LIMIT TOP ROLLER,812,A142373,DB_IMAGES\A142373.png,921
11246,A142374,SWITCH E-STOP ASSEMBLY,530,A142374,DB_IMAGES\A142374.png,922
11247,A142375,PULLEY PULSE CODER,1173,A142375,DB_IMAGES\A142375.png,923
11248,A142376,BELT PULSE CODER,1082,A142376,DB_IMAGES\A142376.png,924
11249,A142391,TUBING QUAD 1/8 X .066 50 /EACH,1144,A142391,DB_IMAGES\A142391.png,925
11250,A142457,BELT PULSE CODER,258,A142457,DB_IMAGES\A142457.png,926
11251,A142458,REGULATOR PRE-SET 95PSI IN 2.2PSI OUT,434,A142458,DB_IMAGES\A142458.png,927
11252,A142459,GASKET BATTERY COVER,455,A142459,DB_IMAGES\A142459.png,928
11258,A142765,GUIDE BAG CARRIER,408,A142765,DB_IMAGES\A142765.png,929
11260,A143000,ROBOT FOOD GRADE LR MATE 200ID/7C,46,A143000,DB_IMAGES\A143000.png,930
11273,A134799,SWITCH 10/100 ETHERNET,1345,A134799,DB_IMAGES\A134799.png,931
11275,A138645,ANALOG 10/100 MB ETHERNET TCP/IP,657,A138645,DB_IMAGES\A138645.png,932
11276,A139444,LENS VISION ENCLOSURE LINE 5,926,A139444,DB_IMAGES\A139444.png,933
11277,A142377,MOTOR PORT BAND,48,A142377,DB_IMAGES\A142377.png,934
11278,A142378,MOTOR PORT ROTATE,1071,A142378,DB_IMAGES\A142378.png,935
11280,A142385,AMPLIFIER FIBER OPTIC PNP,963,A142385,DB_IMAGES\A142385.png,936
11288,A100073,GAUGE 0-400,1307,A100073,DB_IMAGES\A100073.png,937
11289,A100683,GAUGE PRESSURE 0-600 PSIG,637,A100683,DB_IMAGES\A100683.png,938
11290,A100892,FITTING SPRINKLER 1X1/2,1097,A100892,DB_IMAGES\A100892.png,939
11291,A100894,FITTING SPRINKLER 1 1/2X1/2,1301,A100894,DB_IMAGES\A100894.png,940
11350,A100379,BOARD CIRCUIT SCALES 8139-0001,1302,A100379,DB_IMAGES\A100379.png,941
11351,A100734,CUTTER SPRING REF 14-10,832,A100734,DB_IMAGES\A100734.png,942
11360,A123224,SENSOR PROXIMITY  MICRO SWITCH,842,A123224,DB_IMAGES\A123224.png,943
11361,A100393,SWITCH PROXIMITY,826,A100393,DB_IMAGES\A100393.png,944
11362,A100428,RECEPTACLE SENSOR,161,A100428,DB_IMAGES\A100428.png,945
11363,A102266,FUSE 2 AMP 250 VOLT FRN-R,962,A102266,DB_IMAGES\A102266.png,946
11364,A102267,FUSE 3 AMP 250 VOLT FRN-R,799,A102267,DB_IMAGES\A102267.png,947
11434,A122807,CLAMP,1169,A122807,DB_IMAGES\A122807.png,948
11490,A124935,"TUBING BLUE SMALL 1/8"" O.D.",1172,A124935,DB_IMAGES\A124935.jpg,949
11649,A126658,BUMPER,533,A126658,DB_IMAGES\A126658.png,950
11661,A128139,CONTROL FLOW,347,A128139,DB_IMAGES\A128139.png,951
11765,A100576,SWITCH START MOMENTARY,1309,A100576,DB_IMAGES\A100576.png,952
11767,A100579,BELT V-BELT,153,A100579,DB_IMAGES\A100579.png,953
11768,A100580,BELT V-BELT 9.5X2360MM,1110,A100580,DB_IMAGES\A100580.png,954
11773,A100999,O-RING 148.5X2MM APDM,878,A100999,DB_IMAGES\A100999.png,955
11822,A100657,PLUG ASSEMBLY VALVE,1201,A100657,DB_IMAGES\A100657.png,956
11823,A100352,O-RING SEAL KEY 80B,1091,A100352,DB_IMAGES\A100352.png,957
11824,A100353,CUP SEAL KEY 80A,701,A100353,DB_IMAGES\A100353.png,958
12091,A129795,HOSE BELLOWS VACCUM,1293,A129795,DB_IMAGES\A129795.png,959
12135,A137730,FITTING AIR BARBED,493,A137730,DB_IMAGES\A137730.png,960
12182,A100808,SEAL OIL INBOARD & OUTBOARD,220,A100808,DB_IMAGES\A100808.png,961
12249,A100145,CLAMP WIRE,944,A100145,DB_IMAGES\A100145.png,962
12250,A100146,CLAMP WIRE,881,A100146,DB_IMAGES\A100146.png,963
12251,A100155,RING HOG 100 PER PK,1060,A100155,DB_IMAGES\A100155.png,964
12252,A100213,LAMP,811,A100213,DB_IMAGES\A100213.png,965
12253,A100291,BEARING,363,A100291,DB_IMAGES\A100291.png,966
12256,A100388,LAMP 24PSB,184,A100388,DB_IMAGES\A100388.png,967
12259,A100610,BRAKE DISC FOR MODEL 29B4,1083,A100610,DB_IMAGES\A100610.png,968
12260,A100803,RESISTOR 2 WATT 330K OHM 5%,1094,A100803,DB_IMAGES\A100803.png,969
12261,A100804,RESISTOR 2 WATT 510K OHM 5%,127,A100804,DB_IMAGES\A100804.png,970
12262,A100805,RESISTOR 1 WATT 1K OHM 5%,965,A100805,DB_IMAGES\A100805.png,971
12263,A100806,CAPACITOR 20 MFD 450 VDC,1372,A100806,DB_IMAGES\A100806.png,972
12264,A100865,DISC FRICTION,950,A100865,DB_IMAGES\A100865.png,973
12265,A100866,BUSHING 1/4,205,A100866,DB_IMAGES\A100866.png,974
12266,A100869,SPROCKET 29 TOOTH MODIFIED,590,A100869,DB_IMAGES\A100869.png,975
12267,A100920,SWITCH PHOTO,1109,A100920,DB_IMAGES\A100920.png,976
12268,A100921,SWITCH PHOTO,1128,A100921,DB_IMAGES\A100921.png,977
12269,A100950,HOSE AIR COIL 1/4 X 25FT,544,A100950,DB_IMAGES\A100950.png,978
12270,A100978,REFLECTOR 1 1/4 ROUND,638,A100978,DB_IMAGES\A100978.png,979
12271,A102249,ABRASIVE COATED NON SLIP 4 X 60FT,1250,A102249,DB_IMAGES\A102249.png,980
12427,A112740,SPRING STEEL,384,A112740,DB_IMAGES\A112740.png,981
12450,A114975,"WIRE 1/8"" PLASTIC COATED",343,A114975,DB_IMAGES\A114975.png,982
12649,A100699,"BELT ""V"" CR3",138,A100699,DB_IMAGES\A100699.png,983
12704,A118197,FILTER EXHAUST,660,A118197,DB_IMAGES\A118197.png,984
13011,A100822,GAUGE PRESSURE 0-100 PSIG,274,A100822,DB_IMAGES\A100822.png,985
13012,A100826,REGULATOR PRESSURE 0-125 PSI,509,A100826,DB_IMAGES\A100826.png,986
13013,A100823,GAUGE PRESSURE 0-125 H2O,207,A100823,DB_IMAGES\A100823.png,987
13014,A100825,REGULATOR PRESSURE 0-25 PSI,20,A100825,DB_IMAGES\A100825.png,988
13039,A100697,SWITCH MICRO,1253,A100697,DB_IMAGES\A100697.png,989
13078,A100288,"GASKET FLUORO ELASTOMER 4""",402,A100288,DB_IMAGES\A100288.png,990
13128,A100305,LAMP BI-PIN,322,A100305,DB_IMAGES\A100305.png,991
13144,A100809,TIMER 0-60 SEC.,271,A100809,DB_IMAGES\A100809.png,992
13148,A100810,COLUMN CARBOHYDRA ANALYSIS,182,A100810,DB_IMAGES\A100810.png,993
13211,A100489,FUSE 2.5 AMP 250 VOLT,507,A100489,DB_IMAGES\A100489.png,994
13256,A138900,LATCH DRAW RUBBER HANDLE,411,A138900,DB_IMAGES\A138900.png,995
13410,A101205,NEEDLE LUBRICATE 1 LONG 13 GAUGE,122,A101205,DB_IMAGES\A101205.png,996
13434,A100215,TIP TORCH,758,A100215,DB_IMAGES\A100215.png,997
13435,A100794,SOLDER 50/50 1 LB. ROLL SOLID WIRE,1200,A100794,DB_IMAGES\A100794.png,998
13436,A100986,SOLDER SILVER 15%,214,A100986,DB_IMAGES\A100986.png,999
13437,A100987,ROD FILLER T-316SS 1LB,233,A100987,DB_IMAGES\A100987.png,1000
13438,A100988,ROD FILLER 1/16 4043 ALUMINUM,433,A100988,DB_IMAGES\A100988.png,1001
13440,A105385,SOLDER SILVER 66 LINEAL 5 OZ COIL,1259,A105385,DB_IMAGES\A105385.png,1002
13524,A128993,HANDLE INDEXING CR3,542,A128993,DB_IMAGES\A128993.png,1003
13757,A119818,MAGAZINE SCREW,171,A119818,DB_IMAGES\A119818.png,1004
13909,A139056,"KNOB WITH 3/8"" -16 STUD 303 SST",1240,A139056,DB_IMAGES\A139056.png,1005
13933,A113940,PIN DETENT,526,A113940,DB_IMAGES\A113940.png,1006
14125,A126803,PLUNGER SPRING 5/16 SS,1138,A126803,DB_IMAGES\A126803.png,1007
14356,A126887,ROLLER NEOPRENE,8,A126887,DB_IMAGES\A126887.png,1008
14387,A127605,"FITTING 1/2""NPT X 3/4""BARB NYLON",58,A127605,DB_IMAGES\A127605.png,1009
14452,A128575,HANDWHEEL,85,A128575,DB_IMAGES\A128575.png,1010
14488,A128614,BAR SUPPORT,307,A128614,DB_IMAGES\A128614.png,1011
15082,A103824,CHAIN ROLLER 10 FT,1155,A103824,DB_IMAGES\A103824.png,1012
15084,A103827,BUSHING BRAKE,661,A103827,DB_IMAGES\A103827.png,1013
15085,A103828,BUSHING DRIVEN SHEAVE,436,A103828,DB_IMAGES\A103828.png,1014
15089,A103835,SHEAVE DRIVE 4.75 OD 2/3V,477,A103835,DB_IMAGES\A103835.png,1015
15092,A103838,SPROCKET MAIN IDLER ELEVATOR 1 INCH,1209,A103838,DB_IMAGES\A103838.png,1016
15093,A103839,SPROCKET ELEVATOR 1 11/16,922,A103839,DB_IMAGES\A103839.png,1017
15094,A103840,SPROCKET OUTFEED DRIVE SHFT 1 1/4 BORE,1184,A103840,DB_IMAGES\A103840.png,1018
15095,A103842,SPROCKET OUTFEED IDLER SHFT TRANS. DRI,35,A103842,DB_IMAGES\A103842.png,1019
15168,A101913,LACING ALLIGATOR BELT  14 #15  SST,1042,A101913,DB_IMAGES\A101913.png,1020
15330,A127603,"HOSE 3/4"" ID  15/16"" OD",801,A127603,DB_IMAGES\A127603.png,1021
15331,A127604,FITTING TUBE NYLON  3/4 NPT X 3/4 BARB,41,A127604,DB_IMAGES\A127604.png,1022
15383,A128272,HANDLE ADJUSTABLE BALL KNOB TRANSPORTR,1313,A128272,DB_IMAGES\A128272.png,1023
15412,A128725,HINGE 40 LEFT HAND,1380,A128725,DB_IMAGES\A128725.png,1024
15413,A128726,HINGE 40 RIGHT HAND,769,A128726,DB_IMAGES\A128726.png,1025
15480,A129448,FIXTURE QUARTZ,760,A129448,DB_IMAGES\A129448.png,1026
15481,A129449,LAMP QUARTZ 150 WATT,555,A129449,DB_IMAGES\A129449.png,1027
15488,A129585,THUMBSCREW 10-32 X 1/ 2 INCH LG,743,A129585,DB_IMAGES\A129585.png,1028
15589,A129587,FITTING GREASE FLUSH STYLE,1338,A129587,DB_IMAGES\A129587.png,1029
15605,A100433,TIMER  OFF BAGGRINDER 120V 50/60 HZ,885,A100433,DB_IMAGES\A100433.png,1030
15606,A100434,TIMER REV. CYCLE GRINDER,791,A100434,DB_IMAGES\A100434.png,1031
15637,A101960,ELECTRODE MEASURING 0-11PH,552,A101960,DB_IMAGES\A101960.png,1032
15638,A101961,ELECTRODE REFERENCE PH CONTROL,264,A101961,DB_IMAGES\A101961.png,1033
15850,A140426,PHOTOEYE REJECT RETRO REFLEXTIVE,335,A140426,DB_IMAGES\A140426.png,1034
16055,A100264,PIN 316SST BACK PLATE,721,A100264,DB_IMAGES\A100264.png,1035
16124,A113892,PLUG ASSEMBLY VALVE,748,A113892,DB_IMAGES\A113892.png,1036
16179,A101678,BUSHING TAPER LOCK 5/8,497,A101678,DB_IMAGES\A101678.png,1037
16253,A102231,MOTOR 5HP 184T 3500 RPM TEFC,958,A102231,DB_IMAGES\A102231.png,1038
16255,A100265,RETAINER 316SST,380,A100265,DB_IMAGES\A100265.png,1039
16269,A100187,KIT SEAL 80 CARBONS,342,A100187,DB_IMAGES\A100187.png,1040
16324,A100179,MOTOR 3HP 184TC 3505 RPM,785,A100179,DB_IMAGES\A100179.png,1041
16325,A100182,IMPELLER 316SST,57,A100182,DB_IMAGES\A100182.png,1042
16326,A100183,SHAFT 316SST,1300,A100183,DB_IMAGES\A100183.png,1043
16327,A100185,COVER 316SST,270,A100185,DB_IMAGES\A100185.png,1044
16328,A100263,PLATE BACK,1384,A100263,DB_IMAGES\A100263.png,1045
16741,A100518,PACKING STYLING CHESTERTON,441,A100518,DB_IMAGES\A100518.png,1046
16794,A100366,BELT 3/16 DIA.,1207,A100366,DB_IMAGES\A100366.png,1047
16795,A101070,COUPLER PLUG AIR MALE,949,A101070,DB_IMAGES\A101070.png,1048
16796,A101809,BUFFER SOLUTION RED PH4,1221,A101809,DB_IMAGES\A101809.png,1049
17107,A137062,TUBING F.E.P. 1/16 X 1/8 50 /ROLL,442,A137062,DB_IMAGES\A137062.JPG,1050
17289,A100852,FITTING ELL 1/2 CORNER,775,A100852,DB_IMAGES\A100852.png,1051
17377,A135353,KNOB ROUND PLASTIC BLACK,597,A135353,DB_IMAGES\A135353.png,1052
17422,A101043,GAUGE GLASSES H-PRESSURE 3/4 X 36,188,A101043,DB_IMAGES\A101043.png,1053
17507,A102314,HANGER PIPE 2 INCH,369,A102314,DB_IMAGES\A102314.png,1054
17664,A100947,MODULE PROCESSOR CONTROL,334,A100947,DB_IMAGES\A100947.png,1055
17687,A100231,BAND AID 1 X 3 100/BX,296,A100231,DB_IMAGES\A100231.png,1056
17699,A102257,LUBRICANT OIL LUBRIPLATE 5 GAL PAIL,927,A102257,DB_IMAGES\A102257.png,1057
17700,A113225,KIT PUMP,840,A113225,DB_IMAGES\A113225.png,1058
17723,A100949,MODULE POWER SUPPLY,736,A100949,DB_IMAGES\A100949.png,1059
17742,A100619,SPROCKET 2 3/16 1/2X1/4 KW,820,A100619,DB_IMAGES\A100619.png,1060
17743,A100620,SPROCKET P&D CONVEYOR DRIVE,1295,A100620,DB_IMAGES\A100620.png,1061
17744,A100621,SPROCKET 1 15/16 1/2X1/4 KW,1125,A100621,DB_IMAGES\A100621.png,1062
17745,A100622,SPROCKET 1 15/16 1/2X1/4 KW,516,A100622,DB_IMAGES\A100622.png,1063
17746,A100624,BEARING PILLOW 1 15/16 BLOCK,786,A100624,DB_IMAGES\A100624.png,1064
17749,A100898,PAINT LIQUID SST SPRAY CAN,1133,A100898,DB_IMAGES\A100898.png,1065
17750,A100948,MODULE MEMORY,479,A100948,DB_IMAGES\A100948.png,1066
17752,A102058,RELAY CONTROL 120 V COIL,104,A102058,DB_IMAGES\A102058.png,1067
17753,A102060,RELAY OVERLOAD 18-25 AMPS ADJUSTABLE,172,A102060,DB_IMAGES\A102060.png,1068
17754,A102061,RELAY OVERLOAD 2.5-3.9AMP,261,A102061,DB_IMAGES\A102061.png,1069
17766,A102578,SPROCKET 2 3/16 BR 1/2X1/4 KEY WAY,478,A102578,DB_IMAGES\A102578.png,1070
17767,A102579,SPROCKET DRIVE,302,A102579,DB_IMAGES\A102579.png,1071
17840,A116276,BOTTLE SAFETY WASH 8 OZ,1029,A116276,DB_IMAGES\A116276.png,1072
17946,A127179,BLOCK TERMINAL DOUBLE DECK,1248,A127179,DB_IMAGES\A127179.png,1073
17947,A127184,SECTION END TERMINAL BLOCK,407,A127184,DB_IMAGES\A127184.png,1074
17948,A127185,SECTION END TERMINAL BLOCK,1256,A127185,DB_IMAGES\A127185.png,1075
17949,A127186,STOPPER END SINGLE DECK,1187,A127186,DB_IMAGES\A127186.png,1076
17950,A127187,STOP END DOUBLE DECK,1067,A127187,DB_IMAGES\A127187.png,1077
17951,A127188,"JUMPER 0.238""",60,A127188,DB_IMAGES\A127188.png,1078
17952,A127190,BLOCK TERMINAL,1023,A127190,DB_IMAGES\A127190.png,1079
17953,A127191,CHANNEL,913,A127191,DB_IMAGES\A127191.png,1080
18118,A136270,"BUMPER RUBBER 2"" DIA X 2"" TALL",405,A136270,DB_IMAGES\A136270.png,1081
18218,A101775,BEARING ROD END,551,A101775,DB_IMAGES\A101775.png,1082
18266,A126634,"TURNBUCKLE BODY 9"" LONG",1149,A126634,DB_IMAGES\A126634.png,1083
18287,A135618,LATCH DOOR MACHINE GUARD,1202,A135618,DB_IMAGES\A135618.png,1084
18292,A138103,"LOCK KEYED #200R 3/4""",480,A138103,DB_IMAGES\A138103.png,1085
18376,A113148,PIN SST QUICK REL. PUSHBUTTON,1121,A113148,DB_IMAGES\A113148.png,1086
18731,A100157,CLUTCH ASSEMBLY TORQ/GUARD,1325,A100157,DB_IMAGES\A100157.png,1087
18733,A101760,CYLINDER AIR NOSE MOUNT,1290,A101760,DB_IMAGES\A101760.png,1088
18795,A117816,"PIN DOWELL 3/16"" X 1""",146,A117816,DB_IMAGES\A117816.png,1089
19490,A100242,VALVE SOLENOID FMC 9D3448 120V,699,A100242,DB_IMAGES\A100242.png,1090
19492,A100272,TIMER RESET 0-15 SEC,412,A100272,DB_IMAGES\A100272.png,1091
19493,A100320,FUSE 10 AMP 32 VOLT,294,A100320,DB_IMAGES\A100320.png,1092
19495,A100816,"BOLT SHOULDER HEX 3/16"" SOCKET",112,A100816,DB_IMAGES\A100816.png,1093
19586,A110827,COVER TEFLON SHRINKABLE,993,A110827,DB_IMAGES\A110827.png,1094
19748,A123221,SLEEVE E-STOP WIRE,848,A123221,DB_IMAGES\A123221.png,1095
19749,A123222,WIRE E-STOP,1306,A123222,DB_IMAGES\A123222.png,1096
